track_name,artist,album,release_date,release_year,release_month_name,popularity,duration_min
All The Stars (with SZA),Kendrick Lamar,Black Panther The Album Music From And Inspired By,2018-02-09,2018,February,95,3.87
Starboy,The Weeknd,Starboy,2016-11-25,2016,November,90,3.84
Señorita,Shawn Mendes,Señorita,2019-06-21,2019,June,80,3.18
Heat Waves,Glass Animals,Dreamland,2020-08-07,2020,August,87,3.98
Let Me Love You,DJ Snake,Encore,2016-08-05,2016,August,87,3.43
La La La,Naughty Boy,La La La,2013-01-01,2013,January,77,3.68
Apocalypse,Cigarettes After Sex,Cigarettes After Sex,2017-06-09,2017,June,73,4.84
Good For You,Selena Gomez,Revival (Deluxe),2015-10-09,2015,October,80,3.69
Baby,Justin Bieber,My World 2.0,2010-01-01,2010,January,84,3.57
There's Nothing Holdin' Me Back,Shawn Mendes,Illuminate (Deluxe),2017-04-20,2017,April,88,3.32
Believer,Imagine Dragons,Evolve,2017-06-23,2017,June,88,3.41
Love Me Like You Do,Ellie Goulding,Fifty Shades Freed (Original Motion Picture Soundtrack),2018-02-09,2018,February,81,4.23
Summertime Sadness,Lana Del Rey,Born To Die - The Paradise Edition,2012-01-01,2012,January,85,4.42
Treat You Better,Shawn Mendes,Illuminate,2017-04-20,2017,April,86,3.13
Blinding Lights,The Weeknd,Blinding Lights,2020-09-11,2020,September,63,3.33
Jalebi Baby (Tesher x Jason Derulo),Tesher,Jalebi Baby (Tesher x Jason Derulo),2021-05-28,2021,May,68,2.82
Sunflower - Spider-Man: Into the Spider-Verse,Post Malone,Spider-Man: Into the Spider-Verse (Soundtrack From & Inspired by the Motion Picture),2018-12-14,2018,December,83,2.63
Despacito,Luis Fonsi,VIDA,2019-02-01,2019,February,82,3.82
Sorry,Justin Bieber,Purpose (Deluxe),2015-11-13,2015,November,86,3.35
Die For You,The Weeknd,Starboy,2016-11-25,2016,November,81,4.34
No Lie,Sean Paul,Mad Love The Prequel,2018-06-29,2018,June,84,3.69
Mockingbird,Eminem,Encore (Deluxe Version),2004-11-12,2004,November,87,4.18
Ransom,Lil Tecca,We Love You Tecca,2019-08-30,2019,August,87,2.19
Lover,Taylor Swift,Lover,2019-08-23,2019,August,86,3.69
Save Your Tears,The Weeknd,After Hours,2020-03-20,2020,March,87,3.59
On The Floor,Jennifer Lopez,Love?,2011-04-29,2011,April,83,4.75
Diet Mountain Dew,Lana Del Rey,Born To Die - The Paradise Edition,2012-01-01,2012,January,79,3.72
Harleys In Hawaii,Katy Perry,Harleys In Hawaii,2019-10-16,2019,October,72,3.10
"Taki Taki (with Selena Gomez, Ozuna & Cardi B)",DJ Snake,"Taki Taki (with Selena Gomez, Ozuna & Cardi B)",2018-09-28,2018,September,73,3.54
One Dance,Drake,Views,2016-05-06,2016,May,62,2.90
Counting Stars,OneRepublic,Native,2013-01-01,2013,January,88,4.29
lovely (with Khalid),Billie Eilish,lovely (with Khalid),2018-04-19,2018,April,89,3.34
Reminder,The Weeknd,Starboy,2016-11-25,2016,November,84,3.65
Without Me,Eminem,The Eminem Show,2002-05-26,2002,May,89,4.84
Cruel Summer,Taylor Swift,Lover,2019-08-23,2019,August,90,2.97
The Nights,Avicii,The Days / Nights,2014-01-01,2014,January,86,2.94
Animals,Maroon 5,V (Asia Tour Edition),2015-05-18,2015,May,74,3.85
After Hours,The Weeknd,After Hours,2020-03-20,2020,March,83,6.02
Sunsetz,Cigarettes After Sex,Cigarettes After Sex,2017-06-09,2017,June,69,3.59
Say Yes To Heaven,Lana Del Rey,Say Yes To Heaven,2023-05-19,2023,May,86,3.49
Memories,Maroon 5,JORDI (Deluxe),2021-06-11,2021,June,85,3.16
Blank Space,Taylor Swift,1989 (Deluxe),2014-01-01,2014,January,83,3.86
Bones,Imagine Dragons,Bones,2022-03-11,2022,March,77,2.75
K.,Cigarettes After Sex,K.,2016-11-15,2016,November,41,5.33
Danza Kuduro,Don Omar,Meet The Orphans,2010-01-01,2010,January,79,3.31
Ghost,Justin Bieber,Justice,2021-03-19,2021,March,85,2.55
Circles,Post Malone,Hollywood's Bleeding,2019-09-06,2019,September,87,3.59
Thunder,Imagine Dragons,Evolve,2017-06-23,2017,June,86,3.12
Cry,Cigarettes After Sex,Cry,2019-10-25,2019,October,75,4.28
God's Plan,Drake,Scorpion,2018-06-29,2018,June,84,3.32
Young And Beautiful,Lana Del Rey,Young And Beautiful,2013-01-01,2013,January,88,3.93
Call Out My Name,The Weeknd,"My Dear Melancholy,",2018-03-30,2018,March,86,3.81
Demons,Imagine Dragons,Night Visions,2012-09-04,2012,September,85,2.96
Hurts So Good,Astrid S,Astrid S,2016-05-20,2016,May,70,3.48
One Love,Blue,One Love,2002,1905,June,67,3.45
The Hills,The Weeknd,Beauty Behind The Madness,2015-08-28,2015,August,87,4.04
Arcade,Duncan Laurence,Arcade,2019-03-07,2019,March,77,3.06
Love Yourself,Justin Bieber,Purpose (Deluxe),2015-11-13,2015,November,86,3.90
Hope,XXXTENTACION,?,2018-03-16,2018,March,84,1.85
Elastic Heart,Sia,1000 Forms Of Fear,2014-07-04,2014,July,81,4.29
Hips Don't Lie (feat. Wyclef Jean),Shakira,"Oral Fixation, Vol. 2 (Expanded Edition)",2005-11-28,2005,November,88,3.63
Summer Love,Justin Timberlake,FutureSex/LoveSounds,2006-09-12,2006,September,71,4.22
I Want It That Way,Backstreet Boys,The New Best Of (All Hits & Remixes) 2016,2016-06-03,2016,June,0,3.55
What Goes Around.../...Comes Around (Interlude),Justin Timberlake,FutureSex/LoveSounds,2006-09-12,2006,September,77,7.48
Mirrors,Justin Timberlake,The 20/20 Experience - The Complete Experience,2013-09-27,2013,September,0,8.07
Cry Me a River,Justin Timberlake,Justified,2002-11-04,2002,November,78,4.81
Unconditionally,Katy Perry,PRISM,2013-01-01,2013,January,0,3.81
Buttons,The Pussycat Dolls,PCD Tour Edition (International Tour Edition),2005-01-01,2005,January,0,3.76
The One That Got Away,Katy Perry,Teenage Dream: The Complete Confection,2012-03-12,2012,March,74,3.79
E.T.,Katy Perry,Teenage Dream: The Complete Confection,2012-03-12,2012,March,71,3.44
Umbrella,Rihanna,Good Girl Gone Bad: Reloaded,2007-03-31,2007,March,68,4.60
Don't Phunk With My Heart,Black Eyed Peas,Monkey Business (International Version),2005-01-01,2005,January,0,4.00
My Humps,Black Eyed Peas,Monkey Business (International Version),2005-01-01,2005,January,0,5.45
Low (feat. T-Pain),Flo Rida,Mail on Sunday,2008-03-17,2008,March,85,3.86
Halo,Beyoncé,I AM...SASHA FIERCE,2008-11-14,2008,November,69,4.36
TiK ToK,Kesha,Animal + Cannibal (Deluxe Edition),2010-11-19,2010,November,0,3.33
Grenade,Bruno Mars,Doo-Wops & Hooligans,2010-05-11,2010,May,80,3.70
Payphone,Maroon 5,Payphone,2012-01-01,2012,January,0,3.86
Stereo Hearts (feat. Adam Levine),Gym Class Heroes,The Papercut Chronicles II,2011-11-11,2011,November,83,3.52
Bang Bang,Jessie J,My Everything (Deluxe),2014-08-22,2014,August,0,3.32
Dangerous Woman,Ariana Grande,Dangerous Woman,2016-05-20,2016,May,6,3.93
Let Me Love You (Until You Learn To Love Yourself),Ne-Yo,R.E.D. (Deluxe Edition),2012-01-01,2012,January,71,4.19
Beautiful Girls,Sean Kingston,Beautiful Girls,2007-07-23,2007,July,81,3.76
Yellow,Coldplay,Parachutes,2000-07-10,2000,July,92,4.45
Bring Me To Life,Evanescence,Fallen,2003-01-01,2003,January,8,3.93
Every time we touch,Cascada,Everytime We Touch [Premium Edition],2006,1905,June,2,3.29
Apologize,Timbaland,Dreaming Out Loud (International Version),2007-01-01,2007,January,0,3.08
Bailando - English Version,Enrique Iglesias,Bailando,2014-01-01,2014,January,0,4.04
Chandelier,Sia,1000 Forms Of Fear,2014-07-04,2014,July,83,3.60
As Long as You Love Me,Backstreet Boys,Backstreet's Back,1997-10-09,1997,October,0,3.69
Royals,Lorde,Pure Heroine,2013-09-27,2013,September,78,3.17
Maps,Maroon 5,V,2014-09-02,2014,September,85,3.17
Don't You Worry Child - Radio Edit,Swedish House Mafia,Don't You Worry Child,2012-09-14,2012,September,82,3.55
Only Girl (In The World),Rihanna,Loud,2010-11-16,2010,November,75,3.92
Titanium (feat. Sia),David Guetta,Nothing but the Beat,2011-08-31,2011,August,59,4.08
Airplanes (feat. Hayley Williams of Paramore),B.o.B,B.o.B Presents: The Adventures of Bobby Ray,2010-04-27,2010,April,76,3.01
Photograph,Ed Sheeran,x (Deluxe Edition),2014-06-21,2014,June,88,4.32
Stitches,Shawn Mendes,Handwritten,2015-04-14,2015,April,13,3.45
Stone Cold,Demi Lovato,Confident,2015-01-01,2015,January,66,3.19
I'm Not The Only One,Sam Smith,In The Lonely Hour (Deluxe Edition),2014-01-01,2014,January,0,3.99
7 Years,Lukas Graham,7 Years,2015-10-22,2015,October,0,3.96
Demons,Imagine Dragons,Night Visions,2012-09-04,2012,September,75,2.92
Beautiful,Christina Aguilera,Stripped,2002-07-19,2002,July,70,3.98
PILLOWTALK,ZAYN,PILLOWTALK,2016-01-29,2016,January,64,3.39
Writing's On The Wall,Sam Smith,Writing's On The Wall,2015-09-25,2015,September,0,4.65
Ass Back Home (feat. Neon Hitch),Gym Class Heroes,R&B Anthems,2014-10-31,2014,October,0,3.70
Lighters,Bad Meets Evil,Hell: The Sequel (Deluxe),2011-01-01,2011,January,0,5.06
Mirror,Lil Wayne,Tha Carter IV (Deluxe),2011-01-01,2011,January,1,3.80
Diamonds,Rihanna,Unapologetic (Deluxe),2012-12-11,2012,December,77,3.75
Smack That,Akon,Konvicted,2006,1905,June,6,3.54
jar of hearts,Christina Perri,lovestrong.,2011-05-10,2011,May,76,4.11
When You're Gone,Avril Lavigne,The Best Damn Thing,2007-04-13,2007,April,0,4.01
Dark Horse,Katy Perry,PRISM,2013-01-01,2013,January,0,3.59
Dangerously In Love,Beyoncé,Dangerously In Love,2003-06-24,2003,June,61,4.89
"Hey Mama (feat. Nicki Minaj, Bebe Rexha & Afrojack)",David Guetta,Listen,2014-11-10,2014,November,75,3.21
Heart Attack,Demi Lovato,Demi,2013-01-01,2013,January,0,3.51
Give Your Heart A Break,Demi Lovato,Unbroken,2011-01-01,2011,January,0,3.42
Dance Again,Jennifer Lopez,Dance Again,2012-04-02,2012,April,1,3.95
Drive By,Train,Drive By,2012-01-10,2012,January,1,3.28
Radioactive,Imagine Dragons,Hear Me EP,2012-01-01,2012,January,39,3.14
Mr. Saxobeat,Mr Saxobeat,Mr. Saxobeat (Tribute),2012-04-15,2012,April,12,3.31
Bleeding Love,Leona Lewis,Spirit,2007,1905,June,80,4.37
Glad You Came,The Wanted,Battleground (Deluxe Edition),2011-01-01,2011,January,78,3.30
Love The Way You Lie,Eminem,Recovery,2010-06-18,2010,June,86,4.39
Love The Way You Lie (Part II) - Pt. 2,Rihanna,Loud,2010-11-16,2010,November,69,4.94
Stronger (What Doesn't Kill You),Kelly Clarkson,Stronger (Deluxe Version),2011-10-24,2011,October,77,3.70
Just the Way You Are,Bruno Mars,Doo-Wops & Hooligans,2010-05-11,2010,May,89,3.68
Just Give Me a Reason (feat. Nate Ruess),P!nk,The Truth About Love,2012-09-18,2012,September,86,4.05
I Knew You Were Trouble.,Taylor Swift,Red (Big Machine Radio Release Special),2012-10-22,2012,October,78,3.66
Domino,Jessie J,Who You Are (Platinum Edition),2011-01-01,2011,January,79,3.86
Chasing The Sun,The Wanted,Word Of Mouth,2013-01-01,2013,January,18,3.26
Warzone,The Wanted,The Wanted (Special Edition),2012-01-01,2012,January,25,3.64
Lightning,The Wanted,The Wanted (Special Edition),2012-01-01,2012,January,25,3.40
Beep,The Pussycat Dolls,PCD,2005-01-01,2005,January,61,3.82
Complicated,Avril Lavigne,Let Go,2002-06-04,2002,June,85,4.08
Girlfriend,Avril Lavigne,The Best Damn Thing (Expanded Edition),2007-04-17,2007,April,78,3.61
Sk8er Boi,Avril Lavigne,Let Go,2002-06-04,2002,June,80,3.40
Here's to Never Growing Up,Avril Lavigne,Avril Lavigne (Expanded Edition),2013-11-01,2013,November,69,3.57
You're Beautiful,James Blunt,Back to Bedlam,2005-08-08,2005,August,79,3.49
Black Widow,Iggy Azalea,Frat Party,2019-08-09,2019,August,28,3.49
I Can Do Better,Avril Lavigne,The Best Damn Thing (Expanded Edition),2007-04-17,2007,April,49,3.26
Runaway,Avril Lavigne,The Best Damn Thing (Expanded Edition),2007-04-17,2007,April,49,3.80
The Best Damn Thing,Avril Lavigne,The Best Damn Thing (Expanded Edition),2007-04-17,2007,April,56,3.15
When You're Gone,Avril Lavigne,The Best Damn Thing (Expanded Edition),2007-04-17,2007,April,71,4.01
Everything Back But You,Avril Lavigne,The Best Damn Thing (Expanded Edition),2007-04-17,2007,April,46,3.04
Hot,Avril Lavigne,The Best Damn Thing (Expanded Edition),2007-04-17,2007,April,63,3.38
Innocence,Avril Lavigne,The Best Damn Thing (Expanded Edition),2007-04-17,2007,April,58,3.87
I Don't Have To Try,Avril Lavigne,The Best Damn Thing (Expanded Edition),2007-04-17,2007,April,43,3.29
One of Those Girls,Avril Lavigne,The Best Damn Thing (Expanded Edition),2007-04-17,2007,April,45,2.92
Contagious,Avril Lavigne,The Best Damn Thing (Expanded Edition),2007-04-17,2007,April,45,2.15
Keep Holding On,Avril Lavigne,The Best Damn Thing (Expanded Edition),2007-04-17,2007,April,65,4.00
Alone,Avril Lavigne,The Best Damn Thing (Expanded Edition),2007-04-17,2007,April,42,3.23
I Will Be,Avril Lavigne,The Best Damn Thing (Expanded Edition),2007-04-17,2007,April,51,3.99
I Can Do Better - Acoustic Version,Avril Lavigne,The Best Damn Thing (Expanded Edition),2007-04-17,2007,April,37,3.65
Girlfriend - The Submarines' Time Warp '66 Mix - English,Avril Lavigne,The Best Damn Thing (Expanded Edition),2007-04-17,2007,April,34,3.18
Girlfriend (feat. Lil Mama) - Dr. Luke Mix,Avril Lavigne,The Best Damn Thing (Expanded Edition),2007-04-17,2007,April,50,3.41
Wild Ones (feat. Sia),Flo Rida,Wild Ones,2012-06-22,2012,June,83,3.88
Falling,Trevor Daniel,Nicotine,2020-03-26,2020,March,2,2.66
Astronaut In The Ocean,Masked Wolf,Astronaut In The Ocean (International Remixes),2019-01-01,2019,January,55,2.21
Let Me Down Slowly,Alec Benjamin,Narrated For You,2018-11-16,2018,November,83,2.82
2002,Anne-Marie,Speak Your Mind (Deluxe),2018-04-27,2018,April,82,3.12
Shape of You,Ed Sheeran,÷ (Deluxe),2017-03-03,2017,March,90,3.90
Despacito - Remix,Luis Fonsi,VIDA,2019-02-01,2019,February,72,3.84
Faded,Alan Walker,Different World,2018-12-14,2018,December,82,3.54
Mood (feat. iann dior),24kGoldn,El Dorado,2021-03-26,2021,March,79,2.34
Memories,Maroon 5,Memories,2019-09-20,2019,September,33,3.16
Cheap Thrills (feat. Sean Paul),Sia,This Is Acting,2016-02-18,2016,February,76,3.75
Beautiful (feat. Camila Cabello),Bazzi,Beautiful (feat. Camila Cabello),2018-08-02,2018,August,73,3.00
I'm a Mess,Bebe Rexha,Expectations,2018-06-22,2018,June,71,3.26
None Of My Business,Cher Lloyd,None Of My Business,2018-10-19,2018,October,59,3.07
Blinding Lights,The Weeknd,After Hours,2020-03-20,2020,March,90,3.33
Don't Start Now,Dua Lipa,Future Nostalgia,2020-03-27,2020,March,83,3.05
Break My Heart,Dua Lipa,Future Nostalgia,2020-03-27,2020,March,78,3.70
I Like Him,Princess Nokia,Everything Sucks,2020-02-26,2020,February,59,2.21
Levitating (feat. DaBaby),Dua Lipa,Future Nostalgia,2020-03-27,2020,March,83,3.38
MONTERO (Call Me By Your Name),Lil Nas X,MONTERO (Call Me By Your Name),2021-03-31,2021,March,72,2.30
Kiss Me More (feat. SZA),Doja Cat,Kiss Me More (feat. SZA),2021-04-09,2021,April,47,3.48
Liar,Camila Cabello,Romance,2019-12-06,2019,December,64,3.45
New Rules,Dua Lipa,Dua Lipa (Complete Edition),2015,1905,July,62,3.49
Can We Kiss Forever?,Kina,Can We Kiss Forever?,2018-08-31,2018,August,73,3.13
Kings & Queens,Ava Max,Heaven & Hell,2020-09-18,2020,September,80,2.71
The Middle,Zedd,The Middle,2018-01-23,2018,January,80,3.08
Meant to Be (feat. Florida Georgia Line),Bebe Rexha,Expectations,2018-06-22,2018,June,74,2.74
Be Kind (with Halsey),Marshmello,Be Kind (with Halsey),2020-05-01,2020,May,73,2.88
Sucker,Jonas Brothers,Happiness Begins,2019-06-07,2019,June,80,3.02
bad guy,Billie Eilish,"WHEN WE ALL FALL ASLEEP, WHERE DO WE GO?",2019-03-29,2019,March,83,3.23
What If I Told You That I Love You,Ali Gatie,The Idea Of Her,2021-03-26,2021,March,66,3.23
Dancing in My Room,347aidan,Dancing in My Room,2020-10-26,2020,October,67,3.00
Heartbreak Anniversary,GIV?ON,TAKE TIME,2020-03-27,2020,March,81,3.31
Send My Love (To Your New Lover),Adele,25,2015-11-20,2015,November,77,3.72
Say My Name,David Guetta,7,2018-09-14,2018,September,68,3.32
I Like It,Cardi B,Invasion of Privacy,2018-04-06,2018,April,78,4.22
Happier,Marshmello,Happier,2018-08-17,2018,August,17,3.57
Hate Me (with Juice WRLD),Ellie Goulding,Hate Me (with Juice WRLD),2019-06-26,2019,June,70,3.10
It's You,Ali Gatie,YOU,2019-11-08,2019,November,76,3.54
WITHOUT YOU,The Kid LAROI,F*CK LOVE (SAVAGE),2020-11-06,2020,November,6,2.69
Goodbyes (feat. Young Thug),Post Malone,Hollywood's Bleeding,2019-09-06,2019,September,77,2.91
Into Your Arms (feat. Ava Max),Witt Lowry,Into Your Arms (feat. Ava Max),2018-06-08,2018,June,73,3.10
Play Date,Melanie Martinez,Cry Baby (Deluxe Edition),2015-08-14,2015,August,75,3.00
My Oh My (feat. DaBaby),Camila Cabello,Romance,2019-12-06,2019,December,75,2.85
What If (I Told You I Like You),Johnny Orlando,What If (I Told You I Like You),2018-05-18,2018,May,65,3.65
I Need Your Love,Madilyn Bailey,"The Covers, Vol. 6",2013-09-13,2013,September,0,3.33
good 4 u,Olivia Rodrigo,SOUR,2021-05-21,2021,May,85,2.97
Somebody To You,The Vamps,Meet The Vamps,2014-01-01,2014,January,73,3.08
What A Shame,Leyla Blue,What A Shame,2020-12-09,2020,December,61,2.95
Build a Bitch,Bella Poarch,Build a Bitch,2021-05-14,2021,May,70,2.05
Last Hurrah,Bebe Rexha,Last Hurrah,2019-02-15,2019,February,58,2.51
telepatía,Kali Uchis,Sin Miedo (del Amor y Otros Demonios) ?,2020-12-04,2020,December,84,2.67
Dinero,Trinidad Cardona,Dinero,2018-02-02,2018,February,68,2.68
NO,Meghan Trainor,Thank You (Deluxe Version),2017-05-12,2017,May,75,3.56
Don't Go Yet,Camila Cabello,Don't Go Yet,2021-07-23,2021,July,68,2.75
Armor,Nightcore Dreams,Armor,2017-07-19,2017,July,42,3.07
My Dilemma,Selena Gomez & The Scene,When The Sun Goes Down,2011-01-01,2011,January,52,3.16
Look What You Made Me Do,Taylor Swift,reputation,2017-11-10,2017,November,81,3.53
Love Story,Taylor Swift,Fearless (Big Machine Radio Release Special),2008-11-11,2008,November,76,3.94
Rockabye (feat. Sean Paul & Anne-Marie),Clean Bandit,Speak Your Mind (Deluxe),2018-04-27,2018,April,64,4.17
Bad Blood,Taylor Swift,1989,2014-01-01,2014,January,72,3.53
Better Now,Post Malone,beerbongs & bentleys,2018-04-27,2018,April,80,3.85
Ready or Not,Bridgit Mendler,Hello My Name Is...,2012-01-01,2012,January,73,3.35
In the Name of Love,Martin Garrix,In the Name of Love,2016-07-29,2016,July,81,3.26
Little Do You Know,Alex & Sierra,It's About Us,2014-10-06,2014,October,72,3.09
SugarCrash!,ElyOtto,SugarCrash!,2020-08-25,2020,August,69,1.33
"i hate u, i love u (feat. olivia o'brien)",gnash,us,2016-03-25,2016,March,76,4.18
Please Don't Go,Joel Adams,Please Don't Go,2015-11-06,2015,November,67,3.51
Warrior,Demi Lovato,Demi,2013-01-01,2013,January,55,3.85
The Greatest (feat. Kendrick Lamar),Sia,This Is Acting (Deluxe Version),2016-10-21,2016,October,68,3.50
Burn,Ellie Goulding,Halcyon Days,2014-01-01,2014,January,66,3.85
Bezos I,Bo Burnham,Inside (The Songs),2021-06-10,2021,June,0,0.97
Rebel,Zum,Liquid Sunshine Riddim,2020-09-11,2020,September,60,2.26
Fight Song,Rachel Platten,Wildfire,2016-01-01,2016,January,78,3.40
If I Can't Have You,Shawn Mendes,If I Can't Have You,2019-05-03,2019,May,67,3.18
Stay,Zedd,Stay,2017-02-23,2017,February,77,3.50
Cradles,Sub Urban,Cradles,2019-01-04,2019,January,3,3.50
Worth It (feat. Kid Ink),Fifth Harmony,Reflection (Deluxe),2015-01-30,2015,January,79,3.74
Unstoppable,Sia,This Is Acting,2016-01-29,2016,January,81,3.63
Mad at Disney,salem ilese,Mad at Disney,2020-07-24,2020,July,2,2.28
Not Your Barbie Girl,Ava Max,Not Your Barbie Girl,2018-08-13,2018,August,67,3.11
Lily,Alan Walker,Different World,2018-12-14,2018,December,74,3.26
Heart Attack,Demi Lovato,Demi,2013-01-01,2013,January,81,3.51
7 rings,Ariana Grande,"thank u, next",2019-02-08,2019,February,84,2.98
Queen,Loren Gray,Queen,2018-12-21,2018,December,61,2.67
I Like Me Better,Lauv,I met you when I was 18. (the playlist),2018-05-31,2018,May,4,3.29
Princesses Don't Cry - Nightcore Remix,CARYS,Princesses Don't Cry,2019-10-18,2019,October,0,3.29
positions,Ariana Grande,Positions,2020-10-30,2020,October,80,2.87
Sweet but Psycho,Ava Max,Heaven & Hell,2020-09-18,2020,September,81,3.12
Wildest Dreams,Taylor Swift,1989,2014-01-01,2014,January,76,3.67
On & On,Cartoon,On & On,2015-07-09,2015,July,8,3.45
"thank u, next",Ariana Grande,"thank u, next",2019-02-08,2019,February,81,3.46
Power,Little Mix,Glory Days (Expanded Edition),2016-11-18,2016,November,74,4.13
Take a Hint,Night Inn,"Make It Pop, Vol. 7",2020-01-26,2020,January,52,2.57
Who Says,Selena Gomez & The Scene,When The Sun Goes Down,2011-01-01,2011,January,75,3.26
Just A Dream,Kurt Hugo Schneider,Just A Dream,2017-11-14,2017,November,58,4.39
Darkside,Alan Walker,Different World,2018-12-14,2018,December,75,3.53
Love Is Gone,SLANDER,Love Is Gone,2019-05-10,2019,May,63,4.27
Me And My Broken Heart,Rixton,Let The Road,2014-01-01,2014,January,77,3.23
At My Worst,Pink Sweat$,PINK PLANET,2021-02-12,2021,February,5,2.84
STAY (with Justin Bieber),The Kid LAROI,F*CK LOVE 3: OVER YOU,2021-07-23,2021,July,13,2.36
I Love You Like a Love Song (Cover),Reed Deming,Ridiculous,2013-07-26,2013,July,38,3.19
Black Magic,Little Mix,Get Weird (Expanded Edition),2015-11-06,2015,November,76,3.53
What Makes You Beautiful,One Direction,Up All Night,2012-05-25,2012,May,86,3.33
You're Perfect - Remix,Charly Black,You're Perfect (Remix),2017-12-01,2017,December,48,3.36
Shy,Jai Waetford,Shy - EP,2015-01-16,2015,January,55,3.13
Rewrite The Stars,Zac Efron,Rewrite The Stars,2017-11-17,2017,November,76,3.62
So Am I,Ava Max,Heaven & Hell,2020-09-18,2020,September,72,3.05
Confident,Demi Lovato,Confident,2015-01-01,2015,January,74,3.43
"10,000 Hours (with Justin Bieber)",Dan + Shay,"10,000 Hours (with Justin Bieber)",2019-10-04,2019,October,75,2.79
Fairytale,Alexander Rybak,Fairytale,2009,1905,July,0,3.04
Never Be the Same,Camila Cabello,Camila,2018-01-12,2018,January,81,3.78
Best Friend (feat. Doja Cat),Saweetie,Best Friend (feat. Doja Cat),2021-01-07,2021,January,68,2.60
Me Too,Meghan Trainor,Thank You (Deluxe Version),2017-05-12,2017,May,73,3.02
happier,Olivia Rodrigo,SOUR,2021-05-21,2021,May,85,2.93
"jealousy, jealousy",Olivia Rodrigo,SOUR,2021-05-21,2021,May,83,2.89
Beggin' - Remix,HAWK.,Beggin' (Remix),2021-08-13,2021,August,47,2.35
Symphony (feat. Zara Larsson),Clean Bandit,What Is Love? (Deluxe Edition),2018-11-30,2018,November,80,3.55
Wolves,Selena Gomez,Wolves,2017-10-25,2017,October,79,3.30
Miss Wanna Die,JubyPhonic,Miss Wanna Die,2021-11-05,2021,November,63,3.39
In Da Getto,J Balvin,JOSE,2021-09-10,2021,September,69,2.18
Work,Rihanna,ANTI (Deluxe),2016-01-28,2016,January,79,3.66
We Don't Talk Anymore (feat. Selena Gomez),Charlie Puth,Nine Track Mind,2016-01-29,2016,January,80,3.63
Closer,The Chainsmokers,Closer,2016-07-29,2016,July,89,4.08
It Ain't Me (with Selena Gomez),Kygo,It Ain't Me (with Selena Gomez),2017-02-16,2017,February,81,3.68
Don't Wanna Know,Maroon 5,Don't Wanna Know,2016-10-11,2016,October,2,3.57
Touch It,KiDi,Touch It,2021-05-05,2021,May,52,2.75
love nwantiti (feat. Dj Yo! & AX'EL) - Remix,CKay,love nwantiti (feat. Dj Yo! & AX'EL) [Remix],2021-09-09,2021,September,73,3.14
"Alone, Pt. II",Alan Walker,"Alone, Pt. II",2019-12-27,2019,December,70,2.98
Hall of Fame (feat. will.i.am),The Script,#3 Deluxe Version,2012-09-10,2012,September,82,3.38
Titanium (feat. Sia),David Guetta,Nothing but the Beat 2.0,2012-09-10,2012,September,60,4.08
Freaks,Jordan Clarke,Freaks,2019-02-25,2019,February,0,2.91
I Don’t Wanna Live Forever (Fifty Shades Darker),ZAYN,Fifty Shades Darker (Original Motion Picture Soundtrack),2017-02-10,2017,February,70,4.09
A Thousand Years (feat. Steve Kazee) - Pt. 2; The Twilight Saga: Breaking Dawn Soundtrack,Christina Perri,The Twilight Saga: Breaking Dawn - Part 2 (Original Motion Picture Soundtrack),2012-11-09,2012,November,67,5.10
I'm Not Her,Clara Mae,I'm Not Her,2017-11-10,2017,November,53,3.24
Better When I'm Dancin',Meghan Trainor,Better When I'm Dancin',2015-10-14,2015,October,74,2.94
Story of My Life,One Direction,Midnight Memories (Deluxe),2013-11-25,2013,November,87,4.09
Bad Girlfriend,Anne-Marie,Speak Your Mind (Deluxe),2018-04-27,2018,April,55,3.44
Hold On,Chord Overstreet,Hold On,2017-02-03,2017,February,80,3.31
"Million To One - from the Amazon Original Movie ""Cinderella""",Camila Cabello,"Million To One (from the Amazon Original Movie ""Cinderella"")",2021-07-21,2021,July,52,3.39
Payphone,Maroon 5,Overexposed Track By Track,2012-01-01,2012,January,86,3.85
Fireflies,Nightcore Reality,Fireflies,2019-07-19,2019,July,36,3.13
Steal My Girl,One Direction,FOUR (Deluxe),2014-11-17,2014,November,84,3.80
Halo,Beyoncé,I AM...SASHA FIERCE - Platinum Edition,2008,1905,June,77,4.35
Clarity,Zedd,Clarity,2012-01-01,2012,January,78,4.52
Close To Me (with Diplo) (feat. Swae Lee),Ellie Goulding,Close To Me (feat. Swae Lee),2018-10-24,2018,October,62,3.04
Dusk Till Dawn (feat. Sia) - Radio Edit,ZAYN,Icarus Falls,2018-12-14,2018,December,84,3.98
Mercy,Into The Nightcore,"Into The Nightcore, Vol. 8",2020-03-03,2020,March,37,2.73
You Need To Calm Down,Taylor Swift,Lover,2019-08-23,2019,August,79,2.86
Someone You Loved,Lewis Capaldi,Divinely Uninspired To A Hellish Extent,2019-05-17,2019,May,87,3.04
I Don't Care (with Justin Bieber),Ed Sheeran,I Don't Care (with Justin Bieber),2019-05-10,2019,May,76,3.67
Intentions,Justin Bieber,Intentions,2020-02-07,2020,February,69,3.55
Dance Monkey,Tones And I,Dance Monkey (Stripped Back) / Dance Monkey,2019-10-17,2019,October,76,3.49
Leave The Door Open,Bruno Mars,Leave The Door Open,2021-03-05,2021,March,6,4.03
Dernière danse,Indila,Mini World,2014-01-01,2014,January,81,3.56
abcdefu,GAYLE,abcdefu,2021-08-13,2021,August,76,2.81
"My Heart Will Go On - Love Theme from ""Titanic""",Céline Dion,Titanic: Original Motion Picture Soundtrack - Collector's Anniversary Edition,1997,1905,June,58,5.18
Airplanes (feat. Hayley Williams of Paramore),B.o.B,100 Greatest R&B,2019-11-22,2019,November,45,3.01
Impossible,Shontelle,No Gravity,2010-01-01,2010,January,0,3.78
Warriors,Imagine Dragons,Smoke + Mirrors (Deluxe),2015-10-23,2015,October,55,2.84
All Falls Down (feat. Juliander),Alan Walker,Different World,2018-12-14,2018,December,66,3.31
Sing Me to Sleep,Alan Walker,Different World,2018-12-14,2018,December,65,3.13
Alone,Alan Walker,Different World,2018-12-14,2018,December,76,2.67
Diamond Heart,Alan Walker,Different World,2018-12-14,2018,December,62,4.01
everything i wanted,Billie Eilish,everything i wanted,2019-11-13,2019,November,85,4.09
ocean eyes,Billie Eilish,dont smile at me,2017-12-22,2017,December,85,3.34
FRIENDS,Marshmello,Speak Your Mind (Deluxe),2018-04-27,2018,April,54,3.38
Call You Mine,The Chainsmokers,World War Joy,2019-12-06,2019,December,69,3.63
Something Just Like This,The Chainsmokers,Something Just Like This,2017-02-22,2017,February,73,4.13
All We Know,The Chainsmokers,All We Know,2016-09-29,2016,September,71,3.23
This Feeling,The Chainsmokers,Sick Boy,2018-12-14,2018,December,74,3.30
Peaches (feat. Daniel Caesar & Giveon),Justin Bieber,Justice,2021-03-19,2021,March,81,3.30
Stuck with U (with Justin Bieber),Ariana Grande,Stuck with U,2020-05-08,2020,May,81,3.81
Purpose,Justin Bieber,Purpose (Deluxe),2015-11-13,2015,November,66,3.50
The Heart Wants What It Wants,Selena Gomez,For You,2014-11-21,2014,November,59,3.79
Runaway,AURORA,All My Demons Greeting Me As A Friend (Deluxe),2016-03-11,2016,March,79,4.15
idfc - Tarro Remix,blackbear,idfc (Tarro Remix),2016-10-17,2016,October,59,4.14
Solo (feat. Demi Lovato),Clean Bandit,What Is Love? (Deluxe Edition),2018-11-30,2018,November,71,3.71
INDUSTRY BABY (feat. Jack Harlow),Lil Nas X,INDUSTRY BABY (feat. Jack Harlow),2021-07-23,2021,July,76,3.53
Ain't Your Mama,Jennifer Lopez,Ain't Your Mama,2016-04-07,2016,April,70,3.64
24/7,Celina Sharma,CECE,2021-10-08,2021,October,2,3.07
Infinity,Jaymes Young,Feel Something,2017-06-23,2017,June,78,3.96
Snowman - Slowed Down,Sia,Snowman (Slowed Down & Snowed In Remix),2021-10-29,2021,October,47,3.00
Who I Am,Anne-Marie,Therapy,2021-07-23,2021,July,44,2.54
Love How It Hurts (feat. Tina Stachowiak),Axel Johansson,Love How It Hurts (feat. Tina Stachowiak),2020-05-29,2020,May,44,3.33
Broken Angel,Arash,Superman,2014-11-04,2014,November,0,3.20
One Day - Feat. Helena,Arash,Superman,2014-11-04,2014,November,0,3.54
Waka Waka (This Time for Africa) [The Official 2010 FIFA World Cup (TM) Song] (feat. Freshlyground),Shakira,Waka Waka (This Time for Africa) [The Official 2010 FIFA World Cup (TM) Song] (feat. Freshlyground),2010-05-07,2010,May,10,3.38
Title,Meghan Trainor,Title (Deluxe),2015-01-12,2015,January,64,2.91
Be Somebody,Phil Good,Be Somebody,2018-09-14,2018,September,38,3.11
"Sit Still, Look Pretty",Daya,"Sit Still, Look Pretty",2017-01-06,2017,January,2,3.37
Enchanted,Taylor Swift,Speak Now,2010-10-25,2010,October,72,5.87
Enemy (with JID) - from the series Arcane League of Legends,Imagine Dragons,Enemy (with JID) [from the series Arcane League of Legends],2021-10-28,2021,October,78,2.89
Dancing With Your Ghost,Sasha Alex Sloan,Dancing With Your Ghost,2019-06-28,2019,June,78,3.30
Lot to Learn,Luke Christopher,TMRWFRVR,2017-07-28,2017,July,50,4.14
Heat Waves (with iann dior),Glass Animals,Heat Waves (with iann dior),2021-03-25,2021,March,1,2.92
Him & I,G-Eazy,The Beautiful & Damned,2017-12-15,2017,December,53,4.48
Dandelions - slowed + reverb,Ruth B.,Dandelions (slowed + reverb),2021-08-27,2021,August,67,4.48
@ my worst,blackbear,@ my worst,2021-08-06,2021,August,61,3.19
Survivor,2WEI,Sequels,2018-09-20,2018,September,4,3.25
Fake,The Tech Thieves,Fake,2018-08-03,2018,August,62,2.35
Perfect,Ed Sheeran,÷ (Deluxe),2017-03-03,2017,March,90,4.39
Barbie Girl,Aqua,Aquarium (Special Edition),1997-01-01,1997,January,77,3.30
Lollipop (Candyman),Aqua,Aquarium (Special Edition),1997-01-01,1997,January,61,3.61
Wannabe,Spice Girls,Spice,1996-01-01,1996,January,82,2.88
Bumpy Ride,Mohombi,MoveMeant (International),2010-01-01,2010,January,73,3.75
Follow Your Arrow,Kacey Musgraves,Same Trailer Different Park,2013-01-01,2013,January,65,3.33
MIDDLE OF THE NIGHT,Elley Duhé,MIDDLE OF THE NIGHT,2020-01-10,2020,January,77,3.07
Roses Are Red - Original Version,Aqua,Aquarium (Special Edition),1997-01-01,1997,January,60,3.77
Doctor Jones,Aqua,Aquarium (Special Edition),1997-01-01,1997,January,67,3.39
Boss Bitch,Doja Cat,Boss Bitch,2020-01-23,2020,January,78,2.24
overwhelmed,Royal & the Serpent,Overwhelmed,2020-06-26,2020,June,66,2.65
Meet Me At Our Spot,THE ANXIETY,THE ANXIETY,2020-03-13,2020,March,75,2.71
Bad Boy (feat. Luana Kiara),Raaban,Bad Boy (feat. Luana Kiara),2018-08-24,2018,August,65,3.18
Tomboy,Destiny Rogers,Tomboy,2019-02-28,2019,February,67,3.39
The Spectre,Alan Walker,The Spectre,2017-09-15,2017,September,74,3.23
Havana (feat. Young Thug),Camila Cabello,Camila,2018-01-12,2018,January,83,3.62
Señorita,Shawn Mendes,Shawn Mendes (Deluxe),2019-06-19,2019,June,81,3.18
you broke me first,Tate McRae,you broke me first,2020-04-17,2020,April,11,2.82
Woman Like Me (feat. Nicki Minaj),Little Mix,Woman Like Me (feat. Nicki Minaj),2018-10-12,2018,October,55,3.80
Older,Sasha Alex Sloan,Older,2018-11-09,2018,November,72,3.18
Ginseng Strip 2002,Yung Lean,Lavender,2013-08-16,2013,August,2,2.57
ROXANNE,Arizona Zervas,ROXANNE,2019-10-10,2019,October,75,2.73
Play,K-391,Play,2019-08-30,2019,August,69,2.80
MEMORIES!,347aidan,TROUBLED MEMORIES!,2021-06-18,2021,June,70,2.30
Toxic,BoyWithUke,Faded,2021-09-10,2021,September,0,2.80
THATS WHAT I WANT,Lil Nas X,MONTERO,2021-09-17,2021,September,77,2.40
Woman,Doja Cat,Planet Her,2021-06-25,2021,June,84,2.88
Burn Break Crash,Aanysa,Burn Break Crash,2016-11-04,2016,November,42,3.76
You Can't Stop the Girl - Film Mix,Bebe Rexha,Maleficent: Mistress of Evil (Original Motion Picture Soundtrack),2019-10-18,2019,October,36,2.66
In The End - Mellen Gi Remix,Tommee Profitt,In The End,2019-03-22,2019,March,70,3.64
Bring Me To Life,Evanescence,Fallen,2003-03-04,2003,March,88,3.93
All The Things She Said,t.A.T.u.,200 KM/H In The Wrong Lane (10th Anniversary Edition),2002,1905,June,79,3.57
Angel of Darkness - Video Mix,Alex C.,Angel of Darkness,2003-01-01,2003,January,59,3.59
Back To You - From 13 Reasons Why – Season 2 Soundtrack,Selena Gomez,Back To You (From 13 Reasons Why – Season 2 Soundtrack),2018-05-10,2018,May,76,3.47
My Head & My Heart,Ava Max,Heaven & Hell,2020-09-18,2020,September,74,2.91
Material Girl,Madonna,Celebration (double disc version),2009-09-18,2009,September,74,4.00
Face Off,Tech N9ne,ASIN9NE,2021-10-08,2021,October,64,3.66
In My Feelings,Drake,Scorpion,2018-06-29,2018,June,75,3.63
Umbrella,Rihanna,Good Girl Gone Bad: Reloaded,2008-06-02,2008,June,85,4.60
Girls Like You (feat. Cardi B) - Cardi B Version,Maroon 5,Red Pill Blues (Deluxe),2018-06-15,2018,June,74,3.93
Don't Let Me Down,The Chainsmokers,Don't Let Me Down,2016-02-05,2016,February,83,3.47
Meet Me on the Battlefield,Nightcore Reality,Battlefield,2021-02-10,2021,February,38,3.58
Rumors,NEFFEX,Rumors,2017-04-26,2017,April,70,4.13
everything sucks,vaultboy,everything sucks,2021-05-21,2021,May,66,1.92
Cool for the Summer,Demi Lovato,Confident,2015-01-01,2015,January,79,3.58
Walls Could Talk,Halsey,hopeless fountain kingdom (Deluxe),2017-06-02,2017,June,4,1.70
Legends Never Die - (Remix),League of Legends,Legends Never Die (Remix),2017-11-02,2017,November,66,2.79
Give Your Heart a Break,Demi Lovato,Unbroken,2011-01-01,2011,January,73,3.42
Little Do You Know Beat Cry,Yagih Mael,Little Do You Know Beat Cry,2021-05-05,2021,May,0,2.57
Jiggle Jiggle (with Duke & Jones),Louis Theroux,Jiggle Jiggle (with Duke & Jones),2022-05-13,2022,May,60,1.62
Boyfriend,Dove Cameron,Boyfriend,2022-02-11,2022,February,74,2.55
Rise Up,TheFatRat,Rise Up,2019-10-25,2019,October,67,2.83
Thunder,Gabry Ponte,Thunder,2021-05-07,2021,May,79,2.67
Maybe My Soulmate Died,iamnotshane,Maybe My Soulmate Died,2022-06-15,2022,June,0,1.91
I Shot Cupid,Stela Cole,I Shot Cupid,2021-08-19,2021,August,0,2.74
Scars To Your Beautiful,Alessia Cara,Know-It-All,2015-11-13,2015,November,81,3.84
I Ain't Worried,OneRepublic,"I Ain’t Worried (Music From The Motion Picture ""Top Gun: Maverick"")",2022-05-13,2022,May,84,2.47
One Kiss (with Dua Lipa),Calvin Harris,One Kiss (with Dua Lipa),2018-04-06,2018,April,81,3.58
Until I Found You,Stephen Sanchez,Until I Found You,2021-09-01,2021,September,80,2.96
Glimpse of Us,Joji,Glimpse of Us,2022-06-10,2022,June,36,3.89
Hey Ma (with J Balvin & Pitbull feat. Camila Cabello),J Balvin,Fast & Furious 8: The Album,2017-04-14,2017,April,40,3.25
Te Felicito,Shakira,Te Felicito,2022-04-21,2022,April,74,2.87
aftermath,vaultboy,aftermath,2021-09-03,2021,September,57,2.78
Peter Pan Was Right,Anson Seabra,Peter Pan Was Right,2022-04-29,2022,April,65,3.21
One Kiss / I Was Never There,Just Lowkey,One Kiss / I Was Never There,2022-07-24,2022,July,0,2.86
F**kin' Perfect,P!nk,Greatest Hits...So Far!!!,2010-11-12,2010,November,28,3.56
"Just Like Fire (From the Original Motion Picture ""Alice Through The Looking Glass"")",P!nk,"Just Like Fire (From the Original Motion Picture ""Alice Through The Looking Glass"")",2016-04-15,2016,April,70,3.59
I Was Never There Sped Up,Just Lowkey,I Was Never There Sped Up,2022-07-17,2022,July,0,3.10
I'm Good (Blue),David Guetta,I'm Good (Blue),2022-08-26,2022,August,88,2.92
cinderella's dead,EMELINE,cinderella's dead,2022-04-01,2022,April,70,2.01
"Sex, Drugs, Etc (Sped Up)",Xizt,"Sex, Drugs, Etc (Sped Up)",2022-09-12,2022,September,0,2.75
Mary On A Cross (TikTok Version),Divine Deluxe Hitz,Mary On A Cross (TikTok Version),2022-09-13,2022,September,0,4.05
SNAP,Rosa Linn,SNAP,2022-03-19,2022,March,20,2.99
If I Would Have Known,Kyle Hume,If I Would Have Known,2021-10-08,2021,October,61,2.80
Running Up That Hill (A Deal With God),Kate Bush,Hounds Of Love,1985,1905,June,11,4.98
Whatever It Takes,Imagine Dragons,Evolve,2017-06-23,2017,June,84,3.35
Dangerous Woman,Ariana Grande,Dangerous Woman,2016-04-01,2016,April,82,3.93
Girl On Fire,Alicia Keys,Girl On Fire,2012-09-04,2012,September,1,3.75
Here With Me,Marshmello,Here With Me,2019-03-08,2019,March,42,2.61
Bloody Mary,Lady Gaga,Born This Way (International Special Edition Version),2011-05-23,2011,May,77,4.08
2step,Ed Sheeran,=,2021-10-25,2021,October,65,2.56
Eastside (with Halsey & Khalid),benny blanco,Eastside (with Halsey & Khalid),2018-07-12,2018,July,74,2.90
South of the Border (feat. Camila Cabello & Cardi B),Ed Sheeran,No.6 Collaborations Project,2019-07-12,2019,July,73,3.41
Dive,Ed Sheeran,÷ (Deluxe),2017-03-03,2017,March,75,3.97
Don't,Ed Sheeran,x (Deluxe Edition),2014-06-21,2014,June,74,3.66
New Man,Ed Sheeran,÷ (Deluxe),2017-03-03,2017,March,63,3.15
Beautiful People (feat. Khalid),Ed Sheeran,Beautiful People (feat. Khalid),2019-06-28,2019,June,72,3.30
Bam Bam (feat. Ed Sheeran),Camila Cabello,Bam Bam (feat. Ed Sheeran),2022-03-04,2022,March,75,3.43
Galway Girl,Ed Sheeran,÷ (Deluxe),2017-03-03,2017,March,82,2.85
Love Story,Indila,Mini World,2014-01-01,2014,January,78,5.27
Renegade (sped up) - Remix,Xanemusic,Renegade (sped up) [Remix],2023-01-18,2023,January,0,2.80
Under x I Was Never - Remix,DJ Fronteo,Under x I Was Never,2022-09-14,2022,September,0,3.33
Alarm,Anne-Marie,Speak Your Mind (Deluxe),2018-04-27,2018,April,64,3.43
Ciao Adios,Anne-Marie,Speak Your Mind (Deluxe),2018-04-27,2018,April,67,3.33
Love The Way You Lie - Part III (Original Demo),Skylar Grey,The Buried Sessions of Skylar Grey,2012-01-01,2012,January,45,4.17
Coming Home - Part II / Bonus Track,Skylar Grey,Don't Look Down,2014-01-01,2014,January,53,2.75
Why,Sabrina Carpenter,Why,2017-07-07,2017,July,63,2.85
Shower,Becky G,Shower,2014-04-23,2014,April,79,3.44
God is a woman,Ariana Grande,Sweetener,2018-08-17,2018,August,78,3.29
Without Me,Halsey,Without Me,2018-10-04,2018,October,40,3.36
Drag Me Down,One Direction,Made In The A.M. (Deluxe Edition),2015-11-13,2015,November,81,3.20
Dress,Taylor Swift,reputation,2017-11-10,2017,November,77,3.84
i'm yours sped up,Isabel LaRosa,i'm yours,2022-10-28,2022,October,70,2.13
Flowers,Miley Cyrus,Flowers,2023-01-13,2023,January,22,3.34
Calm Down (with Selena Gomez),Rema,Calm Down (with Selena Gomez),2022-08-25,2022,August,82,3.99
Sunroof,Nicky Youre,Sunroof,2021-12-03,2021,December,13,2.72
Escapism.,RAYE,Escapism. / The Thrill Is Gone.,2022-10-12,2022,October,14,4.54
As It Was,Harry Styles,Harry's House,2022-05-20,2022,May,89,2.79
People You Know,Selena Gomez,Rare,2020-01-10,2020,January,76,3.25
Mirror,IDER,Emotional Education,2019-07-19,2019,July,49,3.65
Anti-Hero,Taylor Swift,Midnights,2022-10-21,2022,October,84,3.34
See You Again,Miley Cyrus,Meet Miley Cyrus,2007-06-26,2007,June,71,3.17
See You Again (feat. Charlie Puth),Wiz Khalifa,See You Again (feat. Charlie Puth),2015,1905,July,83,3.83
Silence,Marshmello,Silence,2017-08-11,2017,August,81,3.01
Dark Horse,Katy Perry,PRISM,2013-01-01,2013,January,82,3.59
Pretty Girl,Nightcore Red,Pretty Girl,2018-08-15,2018,August,39,2.94
Worst Day Of My Life,Subspace Super Highway,Worst Day Of My Life,2022-05-17,2022,May,33,2.65
Made You Look,Meghan Trainor,Takin' It Back,2022-10-21,2022,October,79,2.24
Dear Future Husband,Meghan Trainor,Title (Deluxe),2015-01-12,2015,January,76,3.07
"Whenever, Wherever",Shakira,Laundry Service,2001-11-13,2001,November,79,3.27
Heartbeat,Nitecore,Heartbeat,2022-02-25,2022,February,49,2.46
Angel With a Shotgun,The Cab,Symphony Soldier,2011,1905,July,64,3.72
Living Hell,Bella Poarch,Dolls EP,2022-08-12,2022,August,62,2.90
Shameless,Camila Cabello,Romance,2019-12-06,2019,December,84,3.66
Moral of the Story,Ashe,Ashlyn,2021-05-07,2021,May,77,3.35
People,Libianca,People,2022-12-06,2022,December,79,3.08
Kill Bill,SZA,SOS,2022-12-08,2022,December,86,2.57
I Wanna Be Yours,Arctic Monkeys,AM,2013-09-09,2013,September,93,3.07
golden hour,JVKE,this is what ____ feels like (Vol. 1-4),2022-09-23,2022,September,79,3.49
What It Is (Block Boy) (with Kodak Black),Doechii,What It Is (Block Boy) (with Kodak Black),2023-03-17,2023,March,68,3.72
Back To December,Taylor Swift,Speak Now,2010-10-25,2010,October,65,4.88
The Story Of Us,Taylor Swift,Speak Now,2010-10-25,2010,October,49,4.43
S&M,Rihanna,Loud,2010-11-16,2010,November,74,4.06
Never Be the Same,Jessica Mauboy,Beautiful,2013-10-04,2013,October,46,3.88
Style,Taylor Swift,1989 (Deluxe),2014-01-01,2014,January,80,3.85
Paper Rings,Taylor Swift,Lover,2019-08-23,2019,August,78,3.71
ME! (feat. Brendon Urie of Panic! At The Disco),Taylor Swift,Lover,2019-08-23,2019,August,76,3.22
Lover (Remix) [feat. Shawn Mendes],Taylor Swift,Lover (Remix) [feat. Shawn Mendes],2019-11-13,2019,November,68,3.69
Paint The Town Red,Doja Cat,Paint The Town Red,2023-08-04,2023,August,81,3.86
Doin' Time,Lana Del Rey,Norman Fucking Rockwell!,2019-08-30,2019,August,80,3.37
Numb Little Bug,Em Beihold,Numb Little Bug,2022-01-28,2022,January,72,2.82
Make You Mine,PUBLIC,Make You Mine,2019-08-09,2019,August,73,3.88
DARKSIDE,Neoni,DARKSIDE,2021-01-29,2021,January,57,2.80
Gasolina,Daddy Yankee,Barrio Fino (Bonus Track Version),2004-07-13,2004,July,56,3.21
Make Me Move,Culture Code,Make Me Move,2016-12-13,2016,December,59,3.28
Con Calma,Daddy Yankee,Con Calma,2019-01-24,2019,January,81,3.22
Old Town Road (feat. Billy Ray Cyrus) - Remix,Lil Nas X,7,2019-06-21,2019,June,76,2.62
Night Changes,One Direction,FOUR (Deluxe),2014-11-17,2014,November,89,3.78
Midnight Rain,Taylor Swift,Midnights,2022-10-21,2022,October,76,2.91
Angel With a Shotgun,Nightcore Collectives,Best of Nightcore,2022-06-10,2022,June,50,3.21
Mercy,Into The Nightcore,"Into The Nightcore, Vol. 8",2020-03-03,2020,March,0,2.73
Attention,Charlie Puth,Voicenotes,2018-05-11,2018,May,83,3.48
"Love Me Like You Do - From ""Fifty Shades Of Grey""",Ellie Goulding,Delirium (Deluxe),2015-11-06,2015,November,79,4.21
Everytime We Touch - Radio Edit,Cascada,Original Me,2011-01-01,2011,January,66,3.32
like my father,Jax,like my father,2021-06-03,2021,June,63,3.05
Cheri Cheri Lady,Modern Talking,Let's Talk About Love,1985,1905,June,82,3.77
"Let It Go - From ""Frozen""/Soundtrack Version",Idina Menzel,Frozen (Original Motion Picture Soundtrack / Deluxe Edition),2013-01-01,2013,January,78,3.73
Who I Am,The Score,ATLAS,2017-10-13,2017,October,54,3.60
Control,Halsey,BADLANDS (Deluxe),2015-08-28,2015,August,72,3.58
Play with Fire (feat. Yacht Money),Sam Tinnesz,Play with Fire (feat. Yacht Money),2017-07-07,2017,July,75,3.01
"Money, Money, Money",ABBA,Arrival,1976,1905,May,72,3.11
Queen of Mean,Sarah Jeffery,Descendants 3 (Original TV Movie Soundtrack),2019-08-02,2019,August,68,3.16
IDGAF,Dua Lipa,Dua Lipa (Deluxe),2017-06-02,2017,June,80,3.63
On My Way,Alan Walker,On My Way,2019-03-21,2019,March,75,3.23
Ignite,Alan Walker,Ignite,2018-05-11,2018,May,72,3.50
Roar,Katy Perry,PRISM,2013-01-01,2013,January,81,3.73
Side To Side,Ariana Grande,Dangerous Woman,2016-04-01,2016,April,80,3.77
Sorry Not Sorry,Demi Lovato,Tell Me You Love Me,2017-09-29,2017,September,74,3.40
Oops!...I Did It Again,Britney Spears,Oops!... I Did It Again,2000-05-16,2000,May,83,3.52
Same Old Love,Selena Gomez,Revival (Deluxe),2015-10-09,2015,October,72,3.82
Come & Get It,Selena Gomez,Stars Dance (Bonus Track Version),2013-01-01,2013,January,73,3.87
True Love (feat. Lily Allen),P!nk,The Truth About Love,2012-09-18,2012,September,69,3.85
22,Taylor Swift,Red (Big Machine Radio Release Special),2012-10-22,2012,October,67,3.87
We Are Never Ever Getting Back Together,Taylor Swift,Red (Big Machine Radio Release Special),2012-10-22,2012,October,72,3.22
"How Far I'll Go - From ""Moana""",Alessia Cara,"How Far I'll Go (From ""Moana"")",2016-10-28,2016,October,62,2.93
This Is What You Came For,Calvin Harris,This Is What You Came For,2016-04-29,2016,April,80,3.70
Chemtrails Over The Country Club,Lana Del Rey,Chemtrails Over The Country Club,2021-03-19,2021,March,81,4.52
She,Selena Gomez,Rare (Deluxe),2020-04-09,2020,April,52,2.88
Love Will Remember,Selena Gomez,Stars Dance (Bonus Track Version),2013-01-01,2013,January,55,3.51
Look At Her Now,Selena Gomez,Rare,2020-01-10,2020,January,63,2.71
Single Soon,Selena Gomez,Single Soon,2023-08-25,2023,August,72,2.86
Lose You To Love Me,Selena Gomez,Rare,2020-01-10,2020,January,81,3.44
If We Have Each Other (Always By Her Side) - Sped Up Version,sped up nightcore,If We Have Each Other (Always By Her Side) [Sped Up Version],2023-04-10,2023,April,55,2.62
Beautiful Things,Benson Boone,Beautiful Things,2024-01-18,2024,January,88,3.01
Youngblood,5 Seconds of Summer,Youngblood (Deluxe),2018-06-15,2018,June,83,3.39
Set Fire to the Rain,Adele,21,2011-01-24,2011,January,84,4.05
Wrecking Ball,Miley Cyrus,Bangerz (Deluxe Version),2013-10-04,2013,October,83,3.69
Carol Of The Bells,Lindsey Stirling,Warmer In The Winter (Deluxe Edition),2018-10-19,2018,October,67,2.77
Empathy,Crystal Castles,Crystal Castles (II),2010-01-01,2010,January,71,4.19
Don’t Blame Me,Taylor Swift,reputation,2017-11-10,2017,November,85,3.94
Let Her Go,Passenger,All the Little Lights (Deluxe),2013-11-29,2013,November,79,4.21
Skyfall,Adele,Skyfall,2012-10-04,2012,October,86,4.77
Stan,Eminem,The Marshall Mathers LP,2000-05-23,2000,May,82,6.74
Comforter (Lover of My Soul),7 Hills Worship,Comforter (Lover of My Soul),2023-09-22,2023,September,39,3.12
Ride It,Jay Sean,My Own Way,2008,1905,June,68,3.17
Rolling in the Deep,Adele,21,2011-01-24,2011,January,82,3.80
Hello,Adele,25,2015-11-20,2015,November,77,4.93
Those Eyes - Sped Up,New West,Those Eyes (Alternate Versions),2022-07-20,2022,July,71,2.79
Be Alright,Dean Lewis,Be Alright,2018-06-29,2018,June,77,3.27
Down,Jay Sean,All Or Nothing,2009-01-01,2009,January,80,3.54
End of Beginning,Djo,DECIDE,2022-09-16,2022,September,90,2.65
Praise Jah In The Moonlight,YG Marley,Praise Jah In The Moonlight,2023-12-27,2023,December,78,4.38
Wait a Minute!,WILLOW,ARDIPITHECUS,2015-12-18,2015,December,62,3.28
Like I Do,J.Tajor,Like I Do,2022-03-04,2022,March,68,2.49
Favorite,Isabel LaRosa,Favorite,2024-03-29,2024,March,79,2.23
Favorite Girl,Justin Bieber,My World,2009-01-01,2009,January,74,4.28
Boyfriend,Justin Bieber,Believe,2012-01-01,2012,January,77,2.86
Love Me,Justin Bieber,My World,2009-01-01,2009,January,71,3.19
What Do You Mean?,Justin Bieber,Purpose (Deluxe),2015-11-13,2015,November,84,3.43
Please Please Please,Sabrina Carpenter,Please Please Please,2024-06-06,2024,June,86,3.11
Espresso,Sabrina Carpenter,Espresso,2024-04-12,2024,April,90,2.92
Talk,Retronaut,Talk,2017-03-24,2017,March,62,2.75
You Belong With Me,Taylor Swift,Fearless (Big Machine Radio Release Special),2008-11-11,2008,November,73,3.87
I Want It That Way,Into The Nightcore,"Into The Nightcore, Vol. 3",2019-10-22,2019,October,32,2.69
Genie In a Bottle,Christina Aguilera,Christina Aguilera (Expanded Edition),1999,1905,June,81,3.63
Rude,MAGIC!,Don't Kill the Magic,2014-06-25,2014,June,85,3.75
Call Me Maybe,Carly Rae Jepsen,Kiss,2012-01-01,2012,January,83,3.22
Somebody That I Used To Know,Gotye,Making Mirrors,2011-01-01,2011,January,83,4.08
Born This Way,Lady Gaga,Born This Way (International Special Edition Version),2011-05-23,2011,May,76,4.34
Apologize,Timbaland,Shock Value,2007-04-02,2007,April,77,3.07
Irreplaceable,Beyoncé,B'Day Deluxe Edition,2007-05-29,2007,May,74,3.80
So Sick,Ne-Yo,In My Own Words,2006-01-01,2006,January,81,3.45
Crazy In Love - Remix,Beyoncé,Crazy In Love (Remix),2015-09-04,2015,September,69,3.77
Boulevard of Broken Dreams,Green Day,Greatest Hits: God's Favorite Band,2017-11-17,2017,November,74,4.37
Belong Together,Mark Ambor,Belong Together,2024-02-16,2024,February,81,2.47
Let Me Love You,Mario,Turning Point,2004-03-15,2004,March,77,4.15
Grenade,Bruno Mars,Doo-Wops & Hooligans,2010-05-11,2010,May,83,3.70
It's My Life,Bon Jovi,Crush,2000-01-01,2000,January,82,3.74
7 Years,Lukas Graham,Lukas Graham,2016-04-01,2016,April,84,3.96
One-Sided,Saige,One-Sided,2022-11-02,2022,November,30,3.64
Mr. Saxobeat,Alexandra Stan,Dance Mania 2011,2019-02-26,2019,February,51,3.22
Nonsense,Sabrina Carpenter,emails i can't send,2022-07-15,2022,July,87,2.73
Ur So F**kInG cOoL,Tones And I,Ur So F**kInG cOoL,2020-05-29,2020,May,57,2.88
TiK ToK,Kesha,Animal (Expanded Edition),2010-01-01,2010,January,86,3.33
The King's Affirmation,Iniko,The King's Affirmation,2022-04-29,2022,April,64,2.66
Sing For The Moment,Eminem,The Eminem Show,2002-05-26,2002,May,78,5.66
Black Magic Woman,Santana,Ultimate Santana,2007-09-25,2007,September,62,3.26
Gorgeous,Taylor Swift,reputation,2017-11-10,2017,November,76,3.49
Break Free,Ariana Grande,My Everything (Deluxe),2014-08-22,2014,August,81,3.58
Just My Type,The Vamps,Night & Day (Day Edition),2018-07-13,2018,July,61,3.52
Never Forget You,Zara Larsson,So Good,2017-03-17,2017,March,73,3.56
Remember When,Alan Jackson,Greatest Hits Volume II,2003-10-09,2003,October,55,4.51
Teardrops on My Guitar - Pop Version,Taylor Swift,Taylor Swift (Deluxe Edition),2006-10-24,2006,October,55,2.98
Step On Up,Ariana Grande,Dangerous Woman,2016-05-20,2016,May,61,3.01
Angels Like You,Miley Cyrus,Plastic Hearts,2020-11-27,2020,November,82,3.27
Goo Goo Muck,The Cramps,Psychedelic Jungle,1981-01-01,1981,January,67,3.10
Nothing Breaks Like a Heart (feat. Miley Cyrus),Mark Ronson,Late Night Feelings,2019-06-21,2019,June,80,3.62
Hymn for the Weekend,Coldplay,A Head Full of Dreams,2015-12-04,2015,December,86,4.30
We Can't Stop,Miley Cyrus,Bangerz (Deluxe Version),2013-10-04,2013,October,82,3.85
APT.,ROSÉ,APT.,2024-10-18,2024,October,96,2.83
Knees,Bebe Rexha,Expectations,2018-06-22,2018,June,61,3.44
Into You,Ariana Grande,Dangerous Woman,2016-04-01,2016,April,83,4.07
Rolex,Ayo & Teo,Rolex,2017-03-15,2017,March,70,3.98
I'm Getting Ready,Tasha Cobbs Leonard,Heart. Passion. Pursuit.,2017-08-25,2017,August,57,8.44
That’s So True,Gracie Abrams,The Secret of Us (Deluxe),2024-10-18,2024,October,97,2.77
Me and the Devil,Soap&Skin,Sugarbread,2013-03-11,2013,March,82,3.08
Maniac,Conan Gray,Kid Krow,2020-03-20,2020,March,77,3.10
Line Without a Hook,Ricky Montgomery,Montgomery Ricky,2016-04-08,2016,April,82,4.16
blue,yung kai,blue,2024-08-02,2024,August,92,3.57
boyfriend (with Social House),Ariana Grande,boyfriend,2019-08-02,2019,August,80,3.10
Follow You,Noizy,Follow You,2024-11-08,2024,November,79,2.74
Six Days - Remix,DJ Shadow,The Fast And The Furious: Tokyo Drift (Original Motion Picture Soundtrack),2006-06-20,2006,June,73,3.87
What You Say,Davy Fresh,The Wake & Bake Album (10th Year Anniversary),2012-04-20,2012,April,35,3.04
life force,ptasinski,freedom from self,2024-09-16,2024,September,79,1.82
A Song of Ice and Fire,Ramin Djawadi,Game Of Thrones: Season 8 (Music from the HBO Series),2019-05-19,2019,May,61,2.20
Achilles Come Down,Gang of Youths,Go Farther In Lightness,2017-08-18,2017,August,68,7.04
Medusa,Kaia Jette,Medusa,2023-01-06,2023,January,43,2.61
Medusa,ANN,Medusa,2021-09-03,2021,September,29,2.91
Everyday Normal Guy 2,Jon Lajoie,You Want Some of This?,2009-03-18,2009,March,74,3.26
Take a Hint,Nightcore Reality,Take a Hint,2018-06-13,2018,June,59,2.17
Wavin' Flag - Coca-Cola® Celebration Mix,K'NAAN,Troubadour (Champion Edition - Asian Version),2009,1905,July,67,3.54
Sweater Weather,The Neighbourhood,I Love You.,2013-04-22,2013,April,92,4.01
Shatter Me,Nightcore Reality,Shatter Me,2019-11-27,2019,November,39,3.92
Anxiety,Doechii,Alligator Bites Never Heal (Extended),2025-03-14,2025,March,87,4.16
River,Bishop Briggs,Church Of Scars,2018-04-20,2018,April,76,3.60
Teenage Dream,Katy Perry,Teenage Dream: The Complete Confection,2012-03-12,2012,March,66,3.80
Last Friday Night (T.G.I.F.),Katy Perry,Teenage Dream,2010-01-01,2010,January,79,3.85
"Money, Money, Money",ABBA,ABBA Gold,2008-01-01,2008,January,67,3.11
Looking at Me,Sabrina Carpenter,Singular Act II,2019-07-19,2019,July,79,3.02
Alibi (with Pabllo Vittar & Yseult),Sevdaliza,Alibi (with Pabllo Vittar & Yseult),2024-06-28,2024,June,83,2.69
Royalty,Egzod,Royalty,2021-04-22,2021,April,81,3.73
Midnight City,M83,"Hurry up, We're Dreaming",2011-10-17,2011,October,81,4.07
Goth,Sidewalks and Skeletons,White Light,2015-03-05,2015,March,78,3.45
Glue,BICEP,Bicep,2017-09-01,2017,September,74,4.49
coffee,Miguel,Wildheart (Deluxe Version),2015-06-26,2015,June,65,4.78
My Love,Route 94,My Love,2014-02-28,2014,February,80,4.33
I Never Felt So Right - Radio Mix,Ben Delay,I Never Felt So Right,2016-04-15,2016,April,29,3.69
Changes - Radio Mix,Faul & Wad,Changes,2013-12-06,2013,December,69,3.37
Stargirl Interlude,The Weeknd,Starboy,2016-11-25,2016,November,75,1.86
After Hours,The Weeknd,After Hours (Deluxe),2020-03-20,2020,March,55,6.02
Resonance,Home,Odyssey,2014-07-01,2014,July,2,3.55
Stolen Dance,Milky Chance,Sadnecessary,2013-05-31,2013,May,83,5.23
Sanctuary,Joji,Nectar,2020-09-24,2020,September,3,3.00
Again (feat. XXXTENTACION),Noah Cyrus,Again (feat. XXXTENTACION),2017-09-22,2017,September,82,3.23
Cry Baby,The Neighbourhood,Wiped Out!,2015-10-30,2015,October,74,3.92
When I R.I.P.,Labrinth,Euphoria (Original Score from the HBO Series),2019-10-04,2019,October,68,2.91
Infinity,Infinity Ink,Infinity,2012-12-07,2012,December,43,5.13
Sweet Disposition,The Temper Trap,Conditions,2009-06-19,2009,June,0,3.94
Alive,Empire Of The Sun,Ice On The Dune,2013-01-01,2013,January,75,3.41
Sundress,A$AP Rocky,Sundress,2018-11-20,2018,November,86,2.64
Touch Me (Radio Edit) [feat. Cassandra],Rui Da Silva,Kismet Records Presents Touch Me (feat. Cassandra),2001,1905,June,65,3.55
Stereo Love,Edward Maya,Stereo Love,2009-07-07,2009,July,73,4.13
In And Out Of Love,Armin van Buuren,Armin Anthems Top 100 (Ultimate Singles Collected),2014-11-28,2014,November,65,3.03
That's My Name,Akcent,Supervara 2009,2009-04-30,2009,April,56,4.23
Roses,The Chainsmokers,Roses,2015-06-16,2015,June,81,3.78
Would I Lie to You - Radio Edit,David Guetta,Would I Lie to You,2016-09-30,2016,September,65,3.29
"What Is Love - 7"" Mix",Haddaway,What Is Love,1992-01-18,1992,January,66,4.51
Memories (feat. Kid Cudi),David Guetta,One More Love,2010-11-22,2010,November,66,3.51
We Found Love,Rihanna,Talk That Talk,2011-11-18,2011,November,85,3.59
I Follow Rivers - The Magician Remix,Lykke Li,Wounded Rhymes (Bonus Version),2011,1905,July,68,4.66
Out of Touch,Daryl Hall & John Oates,The Very Best of Daryl Hall / John Oates,2009-02-20,2009,February,65,4.16
The Rhythm of the Night,Corona,The Rhythm of the Night,1994,1905,June,74,4.40
My Way,Calvin Harris,My Way,2016-09-16,2016,September,78,3.65
My Love (feat. Jess Glynne),Route 94,My Love (feat. Jess Glynne),2014-02-28,2014,February,6,4.33
Galvanize,The Chemical Brothers,Push The Button,2005-01-01,2005,January,69,6.56
Middle,DJ Snake,Encore,2016-08-05,2016,August,79,3.68
We Are The People,Empire Of The Sun,Walking On A Dream (10th Anniversary Edition),2008-10-03,2008,October,86,4.46
Knock Knock,Mac Miller,Knock Knock - Single,2010,1905,July,3,3.38
waves - Tame Impala Remix,Miguel,Rogue Waves,2016-02-26,2016,February,66,4.22
Tequila Shots,Kid Cudi,Man On The Moon III: The Chosen,2020-12-11,2020,December,67,3.22
Feel So Close - Radio Edit,Calvin Harris,18 Months,2012-10-29,2012,October,86,3.44
Prayer in C - Robin Schulz Radio Edit,Lilly Wood and The Prick,Prayer in C,2014-05-16,2014,May,76,3.16
Love Lost,Mac Miller,"I Love Life, Thank You",2022-07-22,2022,July,80,2.71
Sweet Nothing (feat. Florence Welch),Calvin Harris,18 Months,2012-10-29,2012,October,78,3.54
Pumped Up Kicks,Foster The People,Torches,2011-05-23,2011,May,87,3.99
House Of Balloons / Glass Table Girls,The Weeknd,Trilogy,2012-11-13,2012,November,74,6.75
D.D.,The Weeknd,Trilogy,2012-11-13,2012,November,52,4.59
Gasoline,The Weeknd,Dawn FM,2022-01-06,2022,January,69,3.54
JACKIE BROWN,Brent Faiyaz,WASTELAND,2022-07-08,2022,July,73,2.82
Pray For Me,The Weeknd,The Highlights,2021-02-05,2021,February,79,3.52
Lust,Lil Skies,Life of a Dark Rose,2017-12-12,2017,December,73,2.60
The Color Violet,Tory Lanez,Alone At Prom,2021-12-10,2021,December,87,3.77
Never Let Go (Of Me),Baltra,Never Let Go (Of Me),2017-08-25,2017,August,56,6.91
What You Need,The Weeknd,House Of Balloons (Original),2011-03-21,2011,March,74,3.44
SUICIDE YEAR,WEEDMANE,SUICIDE YEAR,2019-08-04,2019,August,1,1.53
Black Out Days - Future Islands Remix,Phantogram,Black Out Days (Future Islands Remix),2017-09-01,2017,September,70,4.14
Enjoy the Silence,Depeche Mode,The Singles 86-98,1998-09-28,1998,September,75,4.25
Smalltown Boy,Bronski Beat,The Age Of Consent,1984,1905,June,2,5.06
Hometown,Twenty One Pilots,Blurryface,2015-05-15,2015,May,69,3.92
Softcore,The Neighbourhood,Hard To Imagine The Neighbourhood Ever Changing,2018-11-02,2018,November,87,3.44
wish you were gay,Billie Eilish,"WHEN WE ALL FALL ASLEEP, WHERE DO WE GO?",2019-03-29,2019,March,76,3.69
whoa (mind in awe),XXXTENTACION,SKINS,2018-12-07,2018,December,72,2.63
Out of Time,The Weeknd,Dawn FM,2022-01-06,2022,January,77,3.57
Nightcall,Kavinsky,OutRun,2013-01-01,2013,January,59,4.29
Poison,Brent Faiyaz,Poison,2016-08-03,2016,August,80,3.55
"GRAVITY (FEAT. TYLER, THE CREATOR)",Brent Faiyaz,"Gravity (feat. Tyler, The Creator)",2021-01-29,2021,January,62,3.58
Passionfruit,Drake,More Life,2017-03-18,2017,March,86,4.98
Les,Childish Gambino,Camp,2011-11-15,2011,November,26,5.29
5% TINT,Travis Scott,ASTROWORLD,2018-08-03,2018,August,77,3.27
Art Deco,Lana Del Rey,Honeymoon,2015-09-18,2015,September,81,4.92
Bones,Telenova,Bones,2021-03-18,2021,March,44,4.92
Void,The Neighbourhood,Hard To Imagine The Neighbourhood Ever Changing,2018-11-02,2018,November,69,3.39
Wait,NoMBe,They Might've Even Loved Me,2018-03-23,2018,March,0,3.57
Lost Boy,Jaden,SYRE,2017-11-17,2017,November,46,9.50
Swing Lynn,Harmless,I'm Sure,2012-08-14,2012,August,73,5.36
Compass,The Neighbourhood,Hard To Imagine The Neighbourhood Ever Changing,2018-11-02,2018,November,67,2.80
Moth To A Flame (with The Weeknd),Swedish House Mafia,Moth To A Flame,2022-01-03,2022,January,74,3.90
Lost in the Fire (feat. The Weeknd),Gesaffelstein,Hyperion,2019-03-08,2019,March,84,3.37
Odd Look,Kavinsky,Kiss Land (Deluxe),2013-09-10,2013,September,56,4.21
Until I Come Home,Two Feet,Until I Come Home,2021-11-19,2021,November,0,3.26
Oxytocin,Billie Eilish,Happier Than Ever,2021-07-30,2021,July,73,3.50
Telepathy,??? (Crosses),??? (Crosses),2014-02-11,2014,February,0,3.58
K.Y.S.A.,Phantogram,The Alchemist & Oh No Present Welcome to Los Santos,2015-04-21,2015,April,0,4.35
Hotel,Montell Fish,Her Love Still Haunts Me Like a Ghost,2022-10-28,2022,October,80,3.29
Fire In My Head,Two Feet,Fire In My Head,2021-06-11,2021,June,0,3.14
After Dark,Mr.Kitty,Time,2014-08-08,2014,August,8,4.29
West Coast,Lana Del Rey,Ultraviolence (Deluxe),2014-01-01,2014,January,85,4.28
Better Off (Dying),Lil Peep,"Come Over When You're Sober, Pt. 1",2017-08-15,2017,August,0,2.58
Spoil My Night (feat. Swae Lee),Post Malone,beerbongs & bentleys,2018-04-27,2018,April,63,3.24
Don’t Break My Heart,The Weeknd,Dawn FM,2022-01-06,2022,January,62,3.42
Repeat After Me (Interlude),The Weeknd,After Hours (Deluxe),2020-03-20,2020,March,47,3.26
nuts,Lil Peep,LIVE FOREVER,2022-12-02,2022,December,2,1.42
Less Than Zero,The Weeknd,Dawn FM,2022-01-06,2022,January,74,3.53
Butterflies and Hurricanes,Muse,Absolution,2004-03-23,2004,March,1,5.03
PRIDE.,Kendrick Lamar,DAMN.,2017-04-14,2017,April,86,4.59
New Gold (feat. Tame Impala and Bootie Brown),Gorillaz,New Gold (feat. Tame Impala and Bootie Brown),2022-08-31,2022,August,63,3.59
Running on E,Brent Faiyaz,Running on E,2015-11-15,2015,November,68,4.70
Formula,Labrinth,Euphoria (Original Score from the HBO Series),2019-10-04,2019,October,78,1.53
Late Night Feelings (feat. Lykke Li),Mark Ronson,Late Night Feelings (feat. Lykke Li),2019-04-12,2019,April,56,4.18
Redbone,Childish Gambino,"""Awaken, My Love!""",2016-12-02,2016,December,25,5.45
Escapism. - 4am Remix,RAYE,Escapism. (4am Remix),2024-02-02,2024,February,53,3.48
Streets,Doja Cat,Hot Pink,2019-11-07,2019,November,85,3.78
CHIHIRO,Billie Eilish,HIT ME HARD AND SOFT,2024-05-17,2024,May,90,5.06
Hierarchy,SABRINA G,Hierarchy,2024-10-18,2024,October,19,2.82
Hurts Me,Tory Lanez,Hurts Me,2023-06-27,2023,June,78,2.35
The Abyss (feat. Lana Del Rey),The Weeknd,Hurry Up Tomorrow,2025-01-31,2025,January,81,4.71
Show Me Love,WizTheMc,Show Me Love,2025-02-07,2025,February,92,2.95
LOVE. FEAT. ZACARI.,Kendrick Lamar,DAMN.,2017-04-14,2017,April,86,3.56
Agora Hills,Doja Cat,Scarlet,2023-09-22,2023,September,79,4.42
Weekend Lover,Ainae,Weekend Lover,2025-02-13,2025,February,29,2.40
Houston,Jean Dawson,Houston,2024-09-20,2024,September,42,4.63
Thinkin Bout You,Frank Ocean,channel ORANGE,2012-07-10,2012,July,86,3.35
i like the way you kiss me,Artemas,i like the way you kiss me,2024-03-19,2024,March,85,2.38
Stargirl Interlude,The Weeknd,Starboy,2016-11-24,2016,November,82,1.86
Good Cry,Bruklin,Good Cry,2024-11-29,2024,November,36,2.31
Needed Me,Rihanna,ANTI (Deluxe),2016-01-28,2016,January,83,3.19
Odd Look,Kavinsky,Odd Look,2013-01-01,2013,January,62,4.23
Nightcall,Kavinsky,Nightcall,2010,1905,July,75,4.31
Nights,Frank Ocean,Blonde,2016-08-20,2016,August,82,5.12
Lost,Ridi,Lost,2025-02-07,2025,February,49,2.91
Like I Want You,GIV?ON,TAKE TIME,2020-03-27,2020,March,80,4.35
Stay High - Habits Remix,Tove Lo,Queen Of The Clouds,2014-09-24,2014,September,68,4.31
Dead Man Walking,Brent Faiyaz,Dead Man Walking,2020-09-18,2020,September,66,4.12
DIRTY LITTLE SECRET,Nessa Barrett,DIRTY LITTLE SECRET,2024-09-20,2024,September,56,3.58
Sleepless,AVAION,Sleepless,2022-05-27,2022,May,75,2.75
Islands,The xx,xx,2009-08-16,2009,August,63,2.68
Stay,Kenya Grace,The After Taste,2024-03-21,2024,March,44,3.25
Strings,E S,Strings,2025-01-24,2025,January,26,2.45
NDA,Billie Eilish,Happier Than Ever,2021-07-30,2021,July,78,3.26
Moonlight,Kali Uchis,Moonlight,2023-02-24,2023,February,77,3.13
Exchange,Bryson Tiller,T R A P S O U L,2015-10-02,2015,October,82,3.24
No Idea,Don Toliver,Heaven Or Hell,2020-03-13,2020,March,82,2.57
CHANCES,KAYTRANADA,NOTHIN LIKE U / CHANCES,2018-11-30,2018,November,65,3.64
Talk,JAZMYNE,Talk,2025-01-16,2025,January,28,2.73
"One Of The Girls (with JENNIE, Lily Rose Depp)",The Weeknd,The Idol Episode 4 (Music from the HBO Original Series),2023-06-23,2023,June,93,4.08
EVRGRN,Josh Caballes,EXPENSIVE THERAPY,2024-11-06,2024,November,11,2.58
Hourglass,Baby Tate,Hourglass,2021-09-02,2021,September,33,2.90
Oxygen,Pixia,Oxygen,2025-03-21,2025,March,30,3.61
Make You Mine,Madison Beer,Make You Mine,2024-02-09,2024,February,80,3.70
Teenage Fever,Drake,More Life,2017-03-18,2017,March,81,3.66
Nothing Burns Like The Cold,Snoh Aalegra,FEELS,2017-10-20,2017,October,69,3.50
Lean Wit Me,Juice WRLD,Goodbye & Good Riddance,2018-12-10,2018,December,80,2.93
Summer Rain,Majid Jordan,Wildest Dreams,2021-10-22,2021,October,45,3.34
Intro,The xx,xx,2009-08-16,2009,August,73,2.13
Recognize (feat. Drake),PARTYNEXTDOOR,PARTYNEXTDOOR TWO,2014-07-29,2014,July,2,5.19
Marvins Room,Drake,Take Care (Deluxe),2011-11-15,2011,November,77,5.79
For Me,SouthmadeVelly,For Me,2024-12-20,2024,December,30,2.50
Trust,Brent Faiyaz,Lost,2018-10-19,2018,October,77,2.64
Party Monster,The Weeknd,Starboy,2016-11-25,2016,November,79,4.15
Waves of Blue,Majid Jordan,Wildest Dreams,2021-10-22,2021,October,56,3.48
Privilege,The Weeknd,"My Dear Melancholy,",2018-03-30,2018,March,64,2.84
D'Evils,SiR,November,2018-01-19,2018,January,70,2.86
Girl With The Tattoo Enter.lewd,Miguel,All I Want Is You,2010-11-26,2010,November,82,1.71
All My Friends (feat. Tinashe & Chance the Rapper),Snakehips,All My Friends (feat. Tinashe & Chance the Rapper),2015-10-21,2015,October,71,3.83
Pretty Little Fears (feat. J. Cole),6LACK,East Atlanta Love Letter,2018-09-14,2018,September,72,4.01
Her,Majid Jordan,A Place Like This,2014-07-17,2014,July,56,5.01
Purity (feat. Frank Ocean),A$AP Rocky,TESTING,2018-05-25,2018,May,69,4.37
Firefly,Mura Masa,Someday Somewhere,2015-04-10,2015,April,58,3.80
Don’t Matter To Me (with Michael Jackson),Drake,Scorpion,2018-06-29,2018,June,71,4.10
L$D,A$AP Rocky,AT.LONG.LAST.A$AP,2015-05-26,2015,May,74,3.97
waves,Miguel,Wildheart (Deluxe Version),2015-06-26,2015,June,41,3.37
Novacane,Frank Ocean,Novacane,2011-01-01,2011,January,84,5.04
The Morning,The Weeknd,House Of Balloons (Original),2011-03-21,2011,March,76,5.24
So High,Ski Mask The Slump God,STOKELEY,2018-11-30,2018,November,51,2.50
HIGHEST IN THE ROOM,Travis Scott,HIGHEST IN THE ROOM,2019-10-04,2019,October,86,2.93
Down On My Luck,VIC MENSA,Down On My Luck,2014-01-01,2014,January,43,3.49
Sober - Jarreau Vandal Remix,Mahalia,Sober (Jarreau Vandal Remix),2017-08-11,2017,August,44,3.67
Daydreaming,NxWorries,Daydreaming,2023-05-18,2023,May,48,3.12
SLOW DANCING IN THE DARK,Joji,BALLADS 1,2018-10-26,2018,October,11,3.49
You Look Lonely x Resonance - Slowed + Reverb,citrulinq,You Look Lonely x Resonance (Slowed + Reverb),2024-06-14,2024,June,35,2.79
Don't,Bryson Tiller,T R A P S O U L,2015-10-02,2015,October,86,3.30
Crystalised,The xx,xx,2009-08-16,2009,August,69,3.37
WAIT FOR U (feat. Drake & Tems),Future,I NEVER LIKED YOU,2022-04-29,2022,April,84,3.16
worst behaviour,kwn,worst behaviour,2024-11-01,2024,November,30,2.98
BUTTERFLIES,Isaiah Falls,LUCKY ME,2024-10-11,2024,October,70,2.73
Galaxy,Kid Travis,Strawberry Skies (Deluxe Edition),2020-12-04,2020,December,45,2.82
Thank You (Not So Bad),Dimitri Vegas & Like Mike,Thank You (Not So Bad),2023-12-01,2023,December,85,2.33
Car Keys,Nito-Onna,Car Keys,2023-10-27,2023,October,0,2.11
I Don't Wanna Wait,David Guetta,I Don't Wanna Wait,2024-04-05,2024,April,85,2.49
Numb,Arc North,Numb,2020-08-25,2020,August,7,2.18
Bloody Mary,Nito-Onna,Bloody Mary,2023-02-10,2023,February,5,2.10
10:35,Harddope,10:35,2023-09-01,2023,September,0,2.77
Stumblin' In,CYRIL,Stumblin' In,2023-11-10,2023,November,86,3.56
Lay Low,PACANI,Lay Low,2024-08-14,2024,August,42,2.50
MONTAGEM TOMADA - Slowed,MXZI,MONTAGEM TOMADA,2025-03-21,2025,March,81,1.42
I Adore You (feat. Daecolm),HUGEL,I Adore You (feat. Daecolm),2024-07-19,2024,July,87,3.57
I Like The Way You Kiss Me,Harddope,I Like the Way You Kiss Me,2024-06-28,2024,June,62,2.33
Body,Badscandal,Body,2024-11-29,2024,November,60,2.47
Ferrari,Cour,Ferrari,2023-01-25,2023,January,0,2.13
Meet Me Halfway,Sandëro,Meet Me Halfway,2025-04-11,2025,April,4,2.13
FE!N,CryJaxx,FE!N,2025-01-29,2025,January,51,2.98
Where Are You Now,Nick Giardino,Where Are You Now,2025-04-04,2025,April,37,2.35
The Monster,Gaullin,The Monster,2025-03-28,2025,March,56,2.29
Popular,Lintrepy,Popular,2025-03-14,2025,March,37,2.25
I Adore You,ANRY,I Adore You,2025-02-28,2025,February,40,2.13
FERRARI FRIGHT,Scythermane,FERRARI FRIGHT,2025-02-17,2025,February,50,1.43
OIIA OIIA,Hyper VIPER,OIIA OIIA,2025-03-03,2025,March,53,2.08
CONTIGO (with Tiësto),KAROL G,CONTIGO (with Tiësto),2024-02-15,2024,February,77,3.21
FREE FUNK,Joinnus,FREE FUNK,2025-03-14,2025,March,48,1.96
Enemy,Arc North,Enemy,2022-03-04,2022,March,1,2.33
I Know You So Well,dnvn,I Know You So Well,2025-02-07,2025,February,52,2.08
It’s A Miracle,SAMMY & LESEN,It’s A Miracle,2025-01-17,2025,January,40,2.04
Freaks,TRFN,Freaks,2024-12-13,2024,December,61,2.02
Holding On,Liam Dakota,Holding On,2025-01-15,2025,January,37,2.71
Boots On The Ground,Dillin Hoox,Boots On The Ground,2025-03-28,2025,March,44,2.57
My Oh My,Blvck Cobrv,My Oh My,2024-12-25,2024,December,40,2.64
Gravity,MetaBoy,Gravity,2025-01-17,2025,January,52,2.20
Timelapse,HXPETRAIN,Timelapse,2024-12-06,2024,December,39,2.19
ALONE,NEWER,ALONE,2025-04-04,2025,April,32,3.09
Goodbye,Blackjack,Goodbye,2024-12-20,2024,December,37,3.17
BANGALORE,Cesqeaux,BANGALORE,2025-03-28,2025,March,40,3.56
Face to Face (Let Me Love You),Sugar Jesus,Face to Face (Let Me Love You),2025-03-13,2025,March,54,2.61
REVAMP,Alban Chela,REVAMP,2025-01-08,2025,January,37,2.33
Jupiter,nashi,Jupiter,2025-01-03,2025,January,36,2.02
More Than Ever (Umbrella),LEDUC,More Than Ever (Umbrella),2025-03-21,2025,March,49,3.25
Beg You To Stay,Blue Violets,Beg You To Stay,2025-01-01,2025,January,37,2.97
Shake - Original Mix,GonSu,Shake,2024-12-27,2024,December,37,2.94
In My Bones,TEZIS,In My Bones,2024-12-18,2024,December,38,2.11
Memories,BEATSMASH,Memories,2024-12-13,2024,December,36,2.83
I’m Blue,B Martin,I’m Blue,2023-04-10,2023,April,47,2.44
Ram Pam Pam,MNA55,Ram Pam Pam,2025-03-05,2025,March,53,2.83
Wolves,Nick Giardino,Wolves,2024-12-11,2024,December,38,2.45
Kill Vibe,NO FEELS,Kill Vibe,2024-12-06,2024,December,35,2.25
Faded,Arc North,Faded,2020-11-24,2020,November,50,2.44
You Don't Own Me,MetaBoy,You Don't Own Me,2024-11-29,2024,November,37,2.72
Whispers In The Night,HXDES,Whispers In The Night,2024-11-29,2024,November,43,2.11
Espresso,Blvck Cobrv,Espresso,2024-11-27,2024,November,39,2.74
Ice Cold,PHARØ,Ice Cold,2024-11-22,2024,November,36,2.72
Plot Twist,EQRIC,Plot Twist,2024-11-20,2024,November,37,2.13
In The Air Tonight,Blvck Cobrv,In The Air Tonight,2024-11-15,2024,November,39,2.97
Diamonds,PHURS,Diamonds,2024-11-13,2024,November,37,2.57
"Better Off (Alone, Pt. III)",Alan Walker,"Better Off (Alone, Pt. III)",2023-09-28,2023,September,64,2.53
Angel,JAYEM,Angel,2024-11-08,2024,November,34,2.86
Used To You,Ocean Roses,Used To You,2024-10-25,2024,October,34,2.35
Power,Devinity,Power,2024-11-01,2024,November,33,2.28
Love The Way You Lie,LexMorris,Love The Way You Lie,2024-10-30,2024,October,37,2.09
Stop The Time,Max Martis,Stop The Time,2024-10-23,2024,October,36,2.46
Forget You,54GODART,Forget You,2024-10-16,2024,October,37,2.30
Blood Bath,n$vd,Blood Bath,2024-12-04,2024,December,41,2.46
Mad World,54GODART,Mad World,2024-10-11,2024,October,39,1.95
I’m Sure,Alosa,I’m Sure,2024-10-04,2024,October,35,2.55
Takeaway,TEZIS,Takeaway,2024-10-02,2024,October,37,2.16
Make You Mine,PACANI,Make You Mine,2024-06-20,2024,June,36,2.93
Not Fair,Niklas Dee,Not Fair,2023-06-02,2023,June,74,2.72
Youngblood,Arc North,Youngblood,2021-03-04,2021,March,50,3.14
Mockingbird,Tiësto,Mockingbird,2024-05-03,2024,May,77,2.58
NE MOGY,SKYXLINER,NE MOGY,2025-01-01,2025,January,44,2.04
Tokyo Drift,ZODIVK,Tokyo Drift,2023-06-23,2023,June,65,2.02
"Fire! (feat. YUQI ((G)I-DLE), JVKE)",Alan Walker,"Fire! (feat. YUQI ((G)I-DLE), JVKE)",2023-12-14,2023,December,64,2.06
Unholy,Badscandal,Unholy,2022-11-18,2022,November,1,2.41
"Alone, Pt. II",Alan Walker,World Of Walker,2021-11-26,2021,November,73,2.98
Dreamer,Poylow,Dreamer,2024-07-19,2024,July,33,2.42
Strangers,Goodscandal,Strangers,2024-02-07,2024,February,0,2.29
Single Soon,NUUD,Single Soon,2024-04-05,2024,April,0,3.40
Calm Down,DJ Goja,Calm Down,2022-09-19,2022,September,64,3.03
Fairy,Flame Runner,Fairy,2024-08-19,2024,August,44,1.45
Around the World (La La La La La),PACANI,Around the World (La La La La La),2024-06-14,2024,June,35,2.44
Are You With Me,Catiso,Are You With Me,2024-03-22,2024,March,0,2.18
Murder,Maria Beyer,Murder,2024-03-01,2024,March,36,3.19
Lost In Sound,ROY KNOX,Lost In Sound,2019-03-23,2019,March,6,2.63
Angel With A Shotgun,Ericovich,Angel With A Shotgun,2021-07-13,2021,July,0,2.33
See You Again,Skan,See You Again,2022-08-31,2022,August,0,2.14
Daddy DJ,Nito-Onna,Daddy DJ,2023-08-16,2023,August,0,2.43
"Relax, Take It Easy",UNKLFNKL,"Relax, Take It Easy",2020-09-15,2020,September,1,2.70
Like This,Oleria,Like This,2024-08-09,2024,August,32,2.58
365,NUUD,365,2024-02-28,2024,February,0,2.50
Give It To You,Badscandal,Give It To You,2024-06-14,2024,June,36,2.18
Blinded By Love,We Architects,Blinded By Love,2024-09-27,2024,September,32,2.11
Don't Know,Asura Ghai,Don't Know,2024-09-18,2024,September,32,2.46
Selfish Lover,SAMMY & LESEN,Selfish Lover,2024-09-13,2024,September,33,2.47
Pieces,KALUMA,Pieces,2024-09-13,2024,September,34,2.33
Padam Padam,Ken,Padam Padam,2024-05-03,2024,May,0,2.11
Kandy Krush,RezaDead,Kandy Krush,2024-09-30,2024,September,41,1.58
2AM,5lowers,2AM,2024-09-06,2024,September,36,1.90
Down,Arc North,Down,2020-07-02,2020,July,48,2.39
I Don’t Wanna Wait,Blvck Cobrv,I Don’t Wanna Wait,2024-09-02,2024,September,40,2.89
Bad News,Pokaraet,Bad News,2024-08-30,2024,August,32,2.65
Feral Bliss,Pop Mage,Feral Bliss,2024-09-20,2024,September,42,2.62
Rain Down On Me,5lowers,Rain Down On Me,2024-08-28,2024,August,32,2.16
Pumped Up Kicks,Dmitrii G,Pumped Up Kicks,2024-08-21,2024,August,32,2.09
Not Enough,Daniel Bellomo,Not Enough,2024-08-16,2024,August,31,2.99
Keep Falling,K3YN0T3,Keep Falling,2024-08-09,2024,August,40,2.52
Lovable Killer,KiLLTEQ,Lovable Killer,2024-08-07,2024,August,47,2.10
Don't Tell Me,Harddope,Don't Tell Me,2024-08-02,2024,August,33,2.16
Holy - Radio Mix,GYMBRO,Holy,2024-08-23,2024,August,53,2.57
Walk Away,Lost Sky,Walk Away,2024-07-31,2024,July,37,3.49
We Collide,Van Snyder,We Collide,2024-07-26,2024,July,37,1.95
Play,PHURS,Play,2024-05-15,2024,May,0,2.64
Sun Goes Down,Magnus Gunn,Sun Goes Down,2024-07-24,2024,July,31,2.50
Slow It Down,Melodream,Slow It Down,2024-07-17,2024,July,34,2.20
One Day,54GODART,One Day,2024-07-05,2024,July,36,2.19
Cupid,TEZIS,Cupid,2024-07-03,2024,July,36,2.08
Get Out Alive,Corm!!,Get Out Alive,2024-08-09,2024,August,30,3.44
Favourite Song,Eniru,Favourite Song,2024-06-28,2024,June,37,2.63
Training Season,PACANI,Training Season,2024-06-27,2024,June,36,3.48
Forget Him,Rawanne,Forget Him,2024-06-26,2024,June,31,2.54
Get You To The Moon,Twin,Get You To The Moon,2024-06-21,2024,June,35,2.41
Make It Feel Like Home,5lowers,Make It Feel Like Home,2024-06-19,2024,June,35,2.19
Dangerous Game,Used,Dangerous Game,2024-07-05,2024,July,39,2.67
Spiders,AFROUZEN,Spiders,2024-06-12,2024,June,33,2.35
Spot In Hell,MANSA,Spot In Hell,2024-06-07,2024,June,33,2.49
Dance Monkey,Goodscandal,Dance Monkey,2024-06-05,2024,June,37,2.59
Feel The Light,Dream Chaos,Feel The Light,2024-06-03,2024,June,35,2.31
God Is A Girl,Ericovich,God Is A Girl,2022-07-04,2022,July,0,2.17
You & I,CRÜPO,You & I,2024-05-09,2024,May,37,2.65
Heart Dance,Lew Heart,Heart Dance,2024-05-31,2024,May,32,2.92
Crazy What Love Can Do,Goodscandal,Crazy What Love Can Do,2024-05-29,2024,May,33,2.44
Back To You,Ben Leuman,Back To You,2024-05-24,2024,May,35,2.30
Believe,BIMONTE,Believe,2024-05-22,2024,May,39,2.04
Pace Of Time,Max Martis,Pace Of Time,2024-05-17,2024,May,34,2.71
Unholy,Mandrazo,Unholy,2023-03-31,2023,March,17,2.95
Knight Rider,Alfons,Knight Rider,2022-04-15,2022,April,0,2.63
Make You Mine,chicago city,Make You Mine,2024-04-26,2024,April,35,2.95
Tourner Dans Le Vide,Badscandal,Tourner Dans Le Vide,2023-05-10,2023,May,1,2.68
Other Boys,Capri Everitt,Other Boys,2024-04-17,2024,April,34,2.00
In My Mind,Nito-Onna,In My Mind,2024-04-19,2024,April,0,2.50
Greedy,TEZIS,Greedy,2024-05-10,2024,May,36,1.95
In My Mind,LexMorris,In My Mind,2023-07-21,2023,July,0,3.08
INSOMNIA,5UNDER,INSOMNIA,2023-10-26,2023,October,30,2.42
Meltdown,PACANI,Meltdown,2024-05-01,2024,May,0,1.90
Water,Goodscandal,Water,2024-04-29,2024,April,37,2.55
Running To You,PRIYANX,Running To You,2024-04-26,2024,April,30,3.28
Murder,Maria Beyer,Murder,2024-03-01,2024,March,0,3.19
Smooth Talker,MANSA,Smooth Talker,2024-04-24,2024,April,34,3.01
Never Coming Back,Yohan Gerber,Never Coming Back,2023-11-22,2023,November,0,2.28
I Like It,STICKY KEY,I Like It,2024-04-12,2024,April,34,2.93
Waiting For Love,Medusa,Waiting For Love,2024-04-10,2024,April,0,2.63
Addicted To You,Yooniq,Addicted To You,2024-05-02,2024,May,30,2.37
Tattoo,Medusa,Tattoo,2024-04-03,2024,April,0,2.38
Heartbreaker,Marco Nobel,Heartbreaker,2024-05-02,2024,May,33,2.40
Whistle,54GODART,Whistle,2024-03-27,2024,March,36,2.50
Diamonds,Twin,Diamonds,2024-03-20,2024,March,0,2.60
What It Is,PACANI,What It Is,2024-02-21,2024,February,0,1.91
Cruel Summer,PACANI,Cruel Summer,2024-02-09,2024,February,0,2.55
Desire,LØST SIGNAL,Desire,2024-02-16,2024,February,0,2.59
Unstoppable,Twin,Unstoppable,2024-02-14,2024,February,0,2.39
Chemical,PACANI,Chemical,2024-02-07,2024,February,0,1.84
Maps,LexMorris,Maps,2024-02-02,2024,February,0,2.37
Wish You The Best,Mentol,Wish You The Best,2024-01-31,2024,January,0,3.34
Take Two,SANDICE,Take Two,2024-03-13,2024,March,33,2.63
Toxic,Badscandal,Toxic,2023-12-08,2023,December,0,2.35
Strangers,Goodscandal,Strangers,2024-03-06,2024,March,0,3.09
House Of The Rising Sun,Harddope,House Of The Rising Sun,2023-10-20,2023,October,0,2.94
Times,MOHA,Times,2023-08-23,2023,August,0,3.14
Love Tonight,Yellow Pvnk,Love Tonight,2024-01-26,2024,January,0,2.32
Prisoner,Badscandal,Prisoner,2023-09-08,2023,September,0,2.50
I'm Not Sorry,Scity,I'm Not Sorry,2023-10-12,2023,October,30,2.66
Baby Don't Hurt Me,Harddope,Baby Don't Hurt Me,2024-01-05,2024,January,0,2.22
Numb,Nito-Onna,Numb,2023-09-22,2023,September,0,3.53
Collide,Badscandal,Collide,2023-11-03,2023,November,0,2.11
Flowers,Badscandal,Flowers,2023-04-03,2023,April,0,3.06
7 Rings,Badscandal,7 Rings,2023-09-27,2023,September,0,2.17
I’m Blue,B Martin,I’m Blue,2023-04-10,2023,April,0,2.44
Lonely,Yellow Pvnk,Lonely,2023-07-05,2023,July,0,2.25
Falling Down,Yellow Pvnk,Falling Down,2023-06-23,2023,June,0,2.31
Stereo Hearts,EQRIC,Stereo Hearts,2023-01-20,2023,January,5,2.19
Let Me Love You,EQRIC,Let Me Love You,2021-03-18,2021,March,5,2.35
All Night (BeTheMeister Edit),Vanillaz,All Night (BeTheMeister Edit),2023-07-27,2023,July,30,2.93
Lily,ISAEV,Lily,2023-02-24,2023,February,0,2.57
Apologize,Besomorph,Apologize,2020-05-08,2020,May,5,2.44
I’m Good,Yohan Gerber,I’m Good,2023-05-19,2023,May,0,2.38
Down,Arc North,Down,2020-07-02,2020,July,1,2.39
Chandelier,Besomage,Chandelier,2023-01-04,2023,January,0,2.30
